-- MySQL Administrator dump 1.4
--
-- ------------------------------------------------------
-- Server version	5.1.61-0ubuntu0.10.10.1


/*!40101 SET @OLD_CHARACTER_SET_CLIENT=@@CHARACTER_SET_CLIENT */;
/*!40101 SET @OLD_CHARACTER_SET_RESULTS=@@CHARACTER_SET_RESULTS */;
/*!40101 SET @OLD_COLLATION_CONNECTION=@@COLLATION_CONNECTION */;
/*!40101 SET NAMES utf8 */;

/*!40014 SET @OLD_UNIQUE_CHECKS=@@UNIQUE_CHECKS, UNIQUE_CHECKS=0 */;
/*!40014 SET @OLD_FOREIGN_KEY_CHECKS=@@FOREIGN_KEY_CHECKS, FOREIGN_KEY_CHECKS=0 */;
/*!40101 SET @OLD_SQL_MODE=@@SQL_MODE, SQL_MODE='NO_AUTO_VALUE_ON_ZERO' */;


--
-- Create schema preventista
--

CREATE DATABASE IF NOT EXISTS preventista;
USE preventista;

--
-- Definition of table `preventista`.`articulos`
--

DROP TABLE IF EXISTS `preventista`.`articulos`;
CREATE TABLE  `preventista`.`articulos` (
  `articulos_id` int(11) NOT NULL AUTO_INCREMENT,
  `articulos_descripcion` text,
  `articulos_preciocompra` float DEFAULT NULL,
  `articulos_stockreal` float DEFAULT NULL,
  `articulos_stockmin` float DEFAULT NULL,
  `articulos_stockmax` float DEFAULT NULL,
  `rubros_id` int(11) DEFAULT NULL,
  `articulos_observaciones` text,
  `articulos_precio1` float DEFAULT NULL,
  `articulos_precio2` float DEFAULT NULL,
  `articulos_precio3` float DEFAULT NULL,
  `articulos_porcentaje1` float DEFAULT NULL,
  `articulos_porcentaje2` float DEFAULT NULL,
  `articulos_porcentaje3` float DEFAULT NULL,
  `articulos_estado` int(11) DEFAULT NULL,
  `marcas_id` int(11) DEFAULT NULL,
  `articulos_created_at` timestamp NULL DEFAULT CURRENT_TIMESTAMP,
  `articulos_updated_at` datetime DEFAULT NULL,
  PRIMARY KEY (`articulos_id`),
  KEY `articulos_marcas_id` (`marcas_id`),
  KEY `articulos_rubros_id` (`rubros_id`),
  KEY `articulos_tabgral_id` (`articulos_estado`),
  CONSTRAINT `articulos_tabgral_id` FOREIGN KEY (`articulos_estado`) REFERENCES `tabgral` (`tabgral_id`),
  CONSTRAINT `articulos_marcas_id` FOREIGN KEY (`marcas_id`) REFERENCES `marcas` (`marcas_id`),
  CONSTRAINT `articulos_rubros_id` FOREIGN KEY (`rubros_id`) REFERENCES `rubros` (`rubros_id`)
) ENGINE=InnoDB AUTO_INCREMENT=21 DEFAULT CHARSET=latin1;

--
-- Dumping data for table `preventista`.`articulos`
--

/*!40000 ALTER TABLE `articulos` DISABLE KEYS */;
LOCK TABLES `articulos` WRITE;
INSERT INTO `preventista`.`articulos` VALUES  (1,'topline x 50',59.4,120,2,15,10,'',68.9,68.9,69.96,16,16,17.78,20,1,'2012-02-27 00:00:00','2012-03-22 19:56:12'),
 (2,'toplain x 100',56.43,20,5,30,10,'',61.45,64.89,66.46,8.89,15,17.78,20,2,'2012-02-27 00:00:00','2012-03-22 19:56:18'),
 (3,'bon o bon x 25',56,124,4,20,12,'',57.16,58.33,59.5,2.08,4.17,6.25,20,3,'2012-02-27 00:00:00','2012-03-22 19:55:39'),
 (4,'bon o bon x 50',77,517,10,100,12,'',198.66,98.56,30.8,158,28,-60,20,1,'2012-02-27 00:00:00','2012-03-22 19:55:45'),
 (5,'bon o bon blanco x 25',18.5259,0,2,50,12,'todo ok',21.3,22.05,22.79,15,19,23,20,3,'2012-02-28 00:00:00','2012-03-22 19:55:55'),
 (6,'bon o bon blanco x 50',23.7567,82,20,200,12,'',28.508,30.8837,30,20,30,26.2802,20,3,'2012-02-28 00:00:00','2012-03-22 19:56:03'),
 (12,'Oreo chocolate',22.5709,18,10,0,8,'',25.05,25.28,26.18,11,12,16,20,1,'2012-03-20 16:10:22','2012-03-22 19:50:42'),
 (13,'oreo blanco',53.1125,865,20,0,8,'',58.42,60.55,61.08,10,14,15,20,3,'2012-03-20 16:10:58','2012-03-22 19:54:59'),
 (14,'mentoplus miel x 50',33,16,5,0,11,'',36.3,42.24,46.2,10,28,40,20,1,'2012-03-20 17:28:44','2012-03-22 19:54:08'),
 (15,'mentoplus menta x 50',55,25,10,0,11,'',63.25,63.25,66,15,15,20,20,1,'2012-03-20 20:00:38','2012-03-22 19:54:21'),
 (16,'Mentoplus ice x 50',10.91,50,5,0,11,'',12,12.55,13.09,10,15,20,20,5,'2012-03-20 20:01:10','2012-03-22 19:54:30'),
 (18,'tang naranja x 50',15,936,50,0,9,'',15.75,16.8,22.5,5,12,50,20,6,'2012-03-21 19:01:56','2012-03-22 19:54:41'),
 (19,'yap',3,0,0,0,9,'',0,3.3,3.45,5,10,15,21,4,'2012-03-21 19:05:11','2012-03-21 19:05:30'),
 (20,'la gotita',3,1,5,NULL,13,NULL,3.3,3.45,3.6,10,15,20,20,1,'2012-03-22 20:53:17','2012-03-22 20:53:17');
UNLOCK TABLES;
/*!40000 ALTER TABLE `articulos` ENABLE KEYS */;


--
-- Definition of table `preventista`.`audit`
--

DROP TABLE IF EXISTS `preventista`.`audit`;
CREATE TABLE  `preventista`.`audit` (
  `audit_id` int(11) NOT NULL AUTO_INCREMENT,
  `audit_tabla` varchar(150) DEFAULT NULL,
  `audit_evento` varchar(50) DEFAULT NULL,
  `audit_usuario` varchar(100) DEFAULT NULL,
  `audit_fecha` timestamp NULL DEFAULT CURRENT_TIMESTAMP,
  PRIMARY KEY (`audit_id`)
) ENGINE=MyISAM DEFAULT CHARSET=latin1;

--
-- Dumping data for table `preventista`.`audit`
--

/*!40000 ALTER TABLE `audit` DISABLE KEYS */;
LOCK TABLES `audit` WRITE;
UNLOCK TABLES;
/*!40000 ALTER TABLE `audit` ENABLE KEYS */;


--
-- Definition of table `preventista`.`cambiodirectostock`
--

DROP TABLE IF EXISTS `preventista`.`cambiodirectostock`;
CREATE TABLE  `preventista`.`cambiodirectostock` (
  `cambiodirectostock_id` int(11) NOT NULL AUTO_INCREMENT,
  `cambiodirectostock_tipo` int(11) DEFAULT NULL,
  `articulos_id` int(11) DEFAULT NULL,
  `cambiodirectostock_stockantiguo` int(11) DEFAULT NULL,
  `cambiodirectostock_stocknuevo` int(11) DEFAULT NULL,
  `usuarios_id` int(11) DEFAULT NULL,
  `cambiodirectostock_comentario` text,
  `cambiodirectostock_created_at` timestamp NULL DEFAULT CURRENT_TIMESTAMP,
  `cambiodirectostock_updated_at` datetime DEFAULT NULL,
  PRIMARY KEY (`cambiodirectostock_id`)
) ENGINE=InnoDB AUTO_INCREMENT=18 DEFAULT CHARSET=latin1;

--
-- Dumping data for table `preventista`.`cambiodirectostock`
--

/*!40000 ALTER TABLE `cambiodirectostock` DISABLE KEYS */;
LOCK TABLES `cambiodirectostock` WRITE;
INSERT INTO `preventista`.`cambiodirectostock` VALUES  (1,NULL,1,99,100,1,'Se modifico este stock','2012-03-22 17:33:25','2012-03-22 17:33:25'),
 (2,NULL,2,101,55,1,'N','2012-03-22 17:33:25','2012-03-22 17:33:25'),
 (3,NULL,1,100,98,1,'se perdio','2012-03-22 18:21:58','2012-03-22 18:21:58'),
 (4,NULL,1,98,102,1,'vinieron 4 demas','2012-03-22 18:23:17','2012-03-22 18:23:17'),
 (5,NULL,1,102,120,1,'Comentario algo','2012-03-22 19:10:33','2012-03-22 19:10:33'),
 (6,NULL,4,500,520,1,'algun comentario','2012-03-22 19:10:33','2012-03-22 19:10:33'),
 (7,NULL,1,120,122,1,'otro comentario','2012-03-22 19:14:13','2012-03-22 19:14:13'),
 (8,NULL,2,55,60,1,'comentario aqui','2012-03-22 19:14:13','2012-03-22 19:14:13'),
 (9,NULL,1,122,120,1,'dsdsd','2012-03-22 19:28:38','2012-03-22 19:28:38'),
 (10,NULL,12,49,60,1,'N','2012-03-22 19:43:50','2012-03-22 19:43:50'),
 (11,NULL,2,60,66,1,'N','2012-03-22 19:47:28','2012-03-22 19:47:28'),
 (12,NULL,1,120,122,1,'N','2012-03-22 20:34:31','2012-03-22 20:34:31'),
 (13,NULL,20,10,7,3,'N','2012-03-22 20:53:53','2012-03-22 20:53:53'),
 (14,NULL,20,7,8,3,'N','2012-03-22 20:55:05','2012-03-22 20:55:05'),
 (15,NULL,20,8,9,3,'N','2012-03-22 20:55:39','2012-03-22 20:55:39'),
 (16,NULL,2,66,70,3,'raro\n','2012-03-22 21:08:58','2012-03-22 21:08:58'),
 (17,NULL,1,122,120,1,'se perdieron 2','2012-03-28 21:08:27','2012-03-28 21:08:27');
UNLOCK TABLES;
/*!40000 ALTER TABLE `cambiodirectostock` ENABLE KEYS */;


--
-- Definition of table `preventista`.`clientes`
--

DROP TABLE IF EXISTS `preventista`.`clientes`;
CREATE TABLE  `preventista`.`clientes` (
  `clientes_id` int(11) NOT NULL AUTO_INCREMENT,
  `clientes_nombre` varchar(150) DEFAULT NULL,
  `clientes_apellido` varchar(150) DEFAULT NULL,
  `clientes_direccion` text,
  `clientes_telefono` varchar(100) DEFAULT NULL,
  `clientes_created_at` timestamp NULL DEFAULT CURRENT_TIMESTAMP,
  `clientes_updated_at` datetime DEFAULT NULL,
  `clientescategoria_id` int(11) DEFAULT NULL,
  PRIMARY KEY (`clientes_id`),
  KEY `clientes_clientescategoria_id` (`clientescategoria_id`),
  CONSTRAINT `clientes_clientescategoria_id` FOREIGN KEY (`clientescategoria_id`) REFERENCES `clientescategoria` (`clientescategoria_id`)
) ENGINE=InnoDB AUTO_INCREMENT=5 DEFAULT CHARSET=latin1;

--
-- Dumping data for table `preventista`.`clientes`
--

/*!40000 ALTER TABLE `clientes` DISABLE KEYS */;
LOCK TABLES `clientes` WRITE;
INSERT INTO `preventista`.`clientes` VALUES  (1,'Marcelo','Sanchez','San JUan 344','03814915485','2012-03-02 00:00:00',NULL,1),
 (2,'Miguel','Guzman','Muñecas 542','03814985425','2012-03-02 00:00:00',NULL,2),
 (3,'Carlos','Villagran','Av. Sarmiento 852','03814953254','2012-03-02 00:00:00',NULL,3),
 (4,'Mocho','Juarez','Carlos Paz 785','038149532552','2012-03-02 00:00:00',NULL,1);
UNLOCK TABLES;
/*!40000 ALTER TABLE `clientes` ENABLE KEYS */;


--
-- Definition of table `preventista`.`clientescategoria`
--

DROP TABLE IF EXISTS `preventista`.`clientescategoria`;
CREATE TABLE  `preventista`.`clientescategoria` (
  `clientescategoria_id` int(11) NOT NULL AUTO_INCREMENT,
  `clientescategoria_descripcion` varchar(150) DEFAULT NULL,
  `clientescategoria_estado` int(11) DEFAULT NULL,
  `clientescategoria_created_at` timestamp NULL DEFAULT CURRENT_TIMESTAMP,
  `clientescategoria_updated_at` datetime DEFAULT NULL,
  PRIMARY KEY (`clientescategoria_id`)
) ENGINE=InnoDB AUTO_INCREMENT=4 DEFAULT CHARSET=latin1;

--
-- Dumping data for table `preventista`.`clientescategoria`
--

/*!40000 ALTER TABLE `clientescategoria` DISABLE KEYS */;
LOCK TABLES `clientescategoria` WRITE;
INSERT INTO `preventista`.`clientescategoria` VALUES  (1,'Categoria 1',1,'2012-03-02 00:00:00',NULL),
 (2,'Categoria 2',1,'2012-03-02 00:00:00',NULL),
 (3,'Categoria 3',1,'2012-03-02 00:00:00',NULL);
UNLOCK TABLES;
/*!40000 ALTER TABLE `clientescategoria` ENABLE KEYS */;


--
-- Definition of table `preventista`.`compras`
--

DROP TABLE IF EXISTS `preventista`.`compras`;
CREATE TABLE  `preventista`.`compras` (
  `compras_id` int(11) NOT NULL AUTO_INCREMENT,
  `proveedores_id` int(11) DEFAULT NULL,
  `compras_montototal` float DEFAULT NULL,
  `usuarios_id` int(11) DEFAULT NULL,
  `compras_created_at` timestamp NULL DEFAULT CURRENT_TIMESTAMP,
  `compras_updated_at` datetime DEFAULT NULL,
  PRIMARY KEY (`compras_id`),
  KEY `compras_usuarios_id` (`usuarios_id`),
  CONSTRAINT `compras_usuarios_id` FOREIGN KEY (`usuarios_id`) REFERENCES `usuarios` (`usuarios_id`) ON DELETE NO ACTION ON UPDATE NO ACTION
) ENGINE=InnoDB AUTO_INCREMENT=18 DEFAULT CHARSET=latin1;

--
-- Dumping data for table `preventista`.`compras`
--

/*!40000 ALTER TABLE `compras` DISABLE KEYS */;
LOCK TABLES `compras` WRITE;
INSERT INTO `preventista`.`compras` VALUES  (7,3,270,1,'2012-03-04 01:28:22','2012-03-04 03:04:29'),
 (8,4,180,1,'2012-03-04 03:07:00','2012-03-04 03:07:00'),
 (9,3,480,1,'2012-03-04 17:59:16','2012-03-04 17:59:16'),
 (10,3,470,1,'2012-03-04 18:12:48','2012-03-04 18:12:48'),
 (11,6,500,1,'2012-03-04 18:15:36','2012-03-04 18:15:36'),
 (12,6,938,1,'2012-03-04 18:22:49','2012-03-04 18:34:09'),
 (13,3,225,1,'2012-03-16 02:48:15','2012-03-16 02:48:15'),
 (14,4,2400,1,'2012-03-21 20:17:22','2012-03-21 20:17:22'),
 (15,4,600,1,'2012-03-21 20:18:45','2012-03-21 20:18:45'),
 (16,1,0,3,'2012-03-22 21:24:24','2012-03-22 21:24:24'),
 (17,1,242.63,3,'2012-03-22 21:28:00','2012-03-22 21:28:00');
UNLOCK TABLES;
/*!40000 ALTER TABLE `compras` ENABLE KEYS */;


--
-- Definition of table `preventista`.`comprasdetalle`
--

DROP TABLE IF EXISTS `preventista`.`comprasdetalle`;
CREATE TABLE  `preventista`.`comprasdetalle` (
  `comprasdetalle_id` int(11) NOT NULL AUTO_INCREMENT,
  `compras_id` int(11) NOT NULL,
  `articulos_id` int(11) NOT NULL,
  `comprasdetalle_cantidad` int(11) DEFAULT NULL,
  `comprasdetalle_costo` float DEFAULT NULL,
  `comprasdetalle_subtotal` float DEFAULT NULL,
  `comprasdetalle_created_at` timestamp NULL DEFAULT CURRENT_TIMESTAMP,
  `comprasdetalle_updated_at` datetime DEFAULT NULL,
  PRIMARY KEY (`comprasdetalle_id`),
  KEY `comprasdetalle_articulo_id` (`articulos_id`),
  CONSTRAINT `comprasdetalle_articulo_id` FOREIGN KEY (`articulos_id`) REFERENCES `articulos` (`articulos_id`)
) ENGINE=InnoDB AUTO_INCREMENT=24 DEFAULT CHARSET=latin1;

--
-- Dumping data for table `preventista`.`comprasdetalle`
--

/*!40000 ALTER TABLE `comprasdetalle` DISABLE KEYS */;
LOCK TABLES `comprasdetalle` WRITE;
INSERT INTO `preventista`.`comprasdetalle` VALUES  (3,7,1,10,16,160,'2012-03-04 01:28:22','2012-03-04 03:04:29'),
 (4,7,3,11,10,110,'2012-03-04 01:28:22','2012-03-04 03:04:29'),
 (5,8,3,10,10,100,'2012-03-04 03:07:00','2012-03-04 03:07:00'),
 (6,8,4,5,16,80,'2012-03-04 03:07:00','2012-03-04 03:07:00'),
 (7,9,1,4,20,80,'2012-03-04 17:59:16','2012-03-04 17:59:16'),
 (8,9,2,10,40,400,'2012-03-04 17:59:16','2012-03-04 17:59:16'),
 (9,10,4,10,16,160,'2012-03-04 18:12:48','2012-03-04 18:12:48'),
 (10,10,5,20,15.5,310,'2012-03-04 18:12:48','2012-03-04 18:12:48'),
 (11,11,6,10,30,300,'2012-03-04 18:15:36','2012-03-04 18:15:36'),
 (12,11,3,10,20,200,'2012-03-04 18:15:36','2012-03-04 18:15:36'),
 (13,12,1,21,28,588,'2012-03-04 18:22:49','2012-03-04 18:34:09'),
 (14,12,2,10,35,350,'2012-03-04 18:22:49','2012-03-04 18:34:09'),
 (15,13,1,2,28,56,'2012-03-16 02:48:15','2012-03-16 02:48:15'),
 (16,13,2,3,35,105,'2012-03-16 02:48:15','2012-03-16 02:48:15'),
 (17,13,4,4,16,64,'2012-03-16 02:48:16','2012-03-16 02:48:16'),
 (18,14,1,40,60,2400,'2012-03-21 20:17:22','2012-03-21 20:17:22'),
 (19,15,1,10,60,600,'2012-03-21 20:18:45','2012-03-21 20:18:45'),
 (20,16,14,3,33,0,'2012-03-22 21:24:24','2012-03-22 21:24:24'),
 (21,17,14,3,33,99,'2012-03-22 21:28:00','2012-03-22 21:28:00'),
 (22,17,20,17,3,51,'2012-03-22 21:28:00','2012-03-22 21:28:00'),
 (23,17,5,5,18.5259,92.63,'2012-03-22 21:28:01','2012-03-22 21:28:01');
UNLOCK TABLES;
/*!40000 ALTER TABLE `comprasdetalle` ENABLE KEYS */;


--
-- Definition of table `preventista`.`fleteros`
--

DROP TABLE IF EXISTS `preventista`.`fleteros`;
CREATE TABLE  `preventista`.`fleteros` (
  `fleteros_id` int(11) NOT NULL AUTO_INCREMENT,
  `fleteros_nombre` varchar(150) DEFAULT NULL,
  `fleteros_apellido` varchar(150) DEFAULT NULL,
  `fleteros_telefono` varchar(150) DEFAULT NULL,
  `fleteros_direccion` varchar(200) DEFAULT NULL,
  `fleteros_created_at` timestamp NULL DEFAULT CURRENT_TIMESTAMP,
  `fleteros_updated_at` datetime DEFAULT NULL,
  PRIMARY KEY (`fleteros_id`)
) ENGINE=InnoDB AUTO_INCREMENT=6 DEFAULT CHARSET=latin1;

--
-- Dumping data for table `preventista`.`fleteros`
--

/*!40000 ALTER TABLE `fleteros` DISABLE KEYS */;
LOCK TABLES `fleteros` WRITE;
INSERT INTO `preventista`.`fleteros` VALUES  (1,'Miguel','Ponce',NULL,NULL,'2012-02-18 00:00:00',NULL),
 (2,'Pablo','Sanchez',NULL,NULL,'2012-02-18 00:00:00',NULL),
 (3,'Ana','Ceballos',NULL,NULL,'2012-02-18 00:00:00',NULL),
 (4,'Julian','Castro',NULL,NULL,'2012-02-18 00:00:00',NULL),
 (5,'jose','sidan',NULL,NULL,'2012-03-22 20:44:56',NULL);
UNLOCK TABLES;
/*!40000 ALTER TABLE `fleteros` ENABLE KEYS */;


--
-- Definition of table `preventista`.`grupos_tabgral`
--

DROP TABLE IF EXISTS `preventista`.`grupos_tabgral`;
CREATE TABLE  `preventista`.`grupos_tabgral` (
  `grupos_tabgral_id` int(11) NOT NULL AUTO_INCREMENT,
  `grupos_tabgral_descripcion` varchar(50) NOT NULL,
  `grupos_tabgral_created_at` timestamp NOT NULL DEFAULT CURRENT_TIMESTAMP,
  `grupos_tabgral_updated_at` datetime NOT NULL,
  PRIMARY KEY (`grupos_tabgral_id`)
) ENGINE=InnoDB AUTO_INCREMENT=9 DEFAULT CHARSET=latin1;

--
-- Dumping data for table `preventista`.`grupos_tabgral`
--

/*!40000 ALTER TABLE `grupos_tabgral` DISABLE KEYS */;
LOCK TABLES `grupos_tabgral` WRITE;
INSERT INTO `preventista`.`grupos_tabgral` VALUES  (1,'Estados','2012-02-06 19:11:09','0000-00-00 00:00:00'),
 (2,'Categoria Clientes','2012-02-16 13:30:08','0000-00-00 00:00:00'),
 (3,'Estados pedidos','2012-03-01 22:03:11','0000-00-00 00:00:00'),
 (4,'Estados Hojas de ruta','2012-03-03 02:45:11','0000-00-00 00:00:00'),
 (5,'Estados de remitos','2012-03-03 13:51:26','0000-00-00 00:00:00'),
 (6,'Estados de  recibos','2012-03-04 20:55:08','0000-00-00 00:00:00'),
 (7,'Estados Articulos','2012-03-20 01:54:53','0000-00-00 00:00:00'),
 (8,'Tipos de transacciones','2012-03-27 15:25:05','0000-00-00 00:00:00');
UNLOCK TABLES;
/*!40000 ALTER TABLE `grupos_tabgral` ENABLE KEYS */;


--
-- Definition of table `preventista`.`hojaruta`
--

DROP TABLE IF EXISTS `preventista`.`hojaruta`;
CREATE TABLE  `preventista`.`hojaruta` (
  `hojaruta_id` int(11) NOT NULL AUTO_INCREMENT,
  `fleteros_id` int(11) NOT NULL,
  `usuarios_id` int(11) NOT NULL,
  `hojaruta_estado` int(11) DEFAULT NULL,
  `hojaruta_created_at` timestamp NULL DEFAULT CURRENT_TIMESTAMP,
  `hojaruta_updated_at` datetime DEFAULT NULL,
  PRIMARY KEY (`hojaruta_id`),
  KEY `hojaruta_fleteros_id` (`fleteros_id`),
  KEY `hojaruta_usuarios_id` (`usuarios_id`),
  CONSTRAINT `hojaruta_usuarios_id` FOREIGN KEY (`usuarios_id`) REFERENCES `usuarios` (`usuarios_id`),
  CONSTRAINT `hojaruta_fleteros_id` FOREIGN KEY (`fleteros_id`) REFERENCES `fleteros` (`fleteros_id`)
) ENGINE=InnoDB AUTO_INCREMENT=71 DEFAULT CHARSET=latin1;

--
-- Dumping data for table `preventista`.`hojaruta`
--

/*!40000 ALTER TABLE `hojaruta` DISABLE KEYS */;
LOCK TABLES `hojaruta` WRITE;
INSERT INTO `preventista`.`hojaruta` VALUES  (3,4,1,11,'2012-03-03 03:42:55','2012-03-03 03:42:55'),
 (4,3,1,11,'2012-03-03 04:22:57','2012-03-03 04:22:57'),
 (5,4,1,11,'2012-03-03 04:23:37','2012-03-03 04:23:37'),
 (6,2,1,11,'2012-03-21 20:22:38','2012-03-21 20:22:38'),
 (7,5,3,11,'2012-03-22 21:44:07','2012-03-22 21:44:07'),
 (11,1,1,11,'2012-03-28 00:08:59','2012-03-28 00:08:59'),
 (12,1,1,11,'2012-03-28 00:10:09','2012-03-28 00:10:09'),
 (13,1,1,11,'2012-03-28 00:13:00','2012-03-28 00:13:00'),
 (14,1,1,11,'2012-03-28 00:17:07','2012-03-28 00:17:07'),
 (15,1,1,11,'2012-03-28 00:21:36','2012-03-28 00:21:36'),
 (16,2,1,11,'2012-03-28 00:22:29','2012-03-28 00:22:29'),
 (17,1,1,11,'2012-03-28 00:23:17','2012-03-28 00:23:17'),
 (18,1,1,11,'2012-03-28 00:28:11','2012-03-28 00:28:11'),
 (19,1,1,11,'2012-03-28 00:32:29','2012-03-28 00:32:29'),
 (20,3,1,11,'2012-03-28 00:32:42','2012-03-28 00:32:42'),
 (21,4,1,11,'2012-03-28 14:22:17','2012-03-28 14:22:17'),
 (22,4,1,11,'2012-03-28 16:28:08','2012-03-28 16:28:08'),
 (23,4,1,11,'2012-03-28 16:30:09','2012-03-28 16:30:09'),
 (24,2,1,11,'2012-03-28 16:37:31','2012-03-28 16:37:31'),
 (25,1,1,11,'2012-03-28 16:43:54','2012-03-28 16:43:54'),
 (26,4,1,11,'2012-03-28 16:47:34','2012-03-28 16:47:34'),
 (28,1,1,11,'2012-03-28 16:49:33','2012-03-28 16:49:33'),
 (29,1,1,11,'2012-03-28 16:49:48','2012-03-28 16:49:48'),
 (30,1,1,11,'2012-03-28 17:06:40','2012-03-28 17:06:40'),
 (32,1,1,11,'2012-03-28 17:09:50','2012-03-28 17:09:50'),
 (33,3,1,11,'2012-03-28 17:10:02','2012-03-28 17:10:02'),
 (34,1,1,11,'2012-03-28 17:10:15','2012-03-28 17:10:15'),
 (35,1,1,11,'2012-03-28 17:19:53','2012-03-28 17:19:53'),
 (36,1,1,11,'2012-03-28 17:22:10','2012-03-28 17:22:10'),
 (37,1,1,11,'2012-03-28 17:22:21','2012-03-28 17:22:21'),
 (38,1,1,11,'2012-03-28 17:27:23','2012-03-28 17:27:23'),
 (39,1,1,11,'2012-03-28 17:29:00','2012-03-28 17:29:00'),
 (40,1,1,11,'2012-03-28 17:30:17','2012-03-28 17:30:17'),
 (41,1,1,11,'2012-03-28 17:31:24','2012-03-28 17:31:24'),
 (42,1,1,11,'2012-03-28 17:34:07','2012-03-28 17:34:07'),
 (43,1,1,11,'2012-03-28 17:34:20','2012-03-28 17:34:20'),
 (44,1,1,11,'2012-03-28 17:34:41','2012-03-28 17:34:41'),
 (45,1,1,11,'2012-03-28 18:06:22','2012-03-28 18:06:22'),
 (46,1,1,11,'2012-03-28 18:06:33','2012-03-28 18:06:33'),
 (47,1,1,11,'2012-03-28 18:06:43','2012-03-28 18:06:43'),
 (48,1,1,11,'2012-03-28 18:09:18','2012-03-28 18:09:18'),
 (49,1,1,11,'2012-03-28 18:09:28','2012-03-28 18:09:28'),
 (50,4,1,11,'2012-03-28 18:09:38','2012-03-28 18:09:38'),
 (51,4,1,11,'2012-03-28 18:09:54','2012-03-28 18:09:54'),
 (52,1,1,11,'2012-03-28 18:20:26','2012-03-28 18:20:26'),
 (53,1,1,11,'2012-03-28 18:20:37','2012-03-28 18:20:37'),
 (54,1,1,11,'2012-03-28 18:20:46','2012-03-28 18:20:46'),
 (55,1,1,11,'2012-03-28 18:26:43','2012-03-28 18:26:43'),
 (56,1,1,11,'2012-03-28 18:26:53','2012-03-28 18:26:53'),
 (57,4,1,11,'2012-03-28 18:27:06','2012-03-28 18:27:06'),
 (58,1,1,11,'2012-03-28 18:31:51','2012-03-28 18:31:51'),
 (59,1,1,11,'2012-03-28 18:32:02','2012-03-28 18:32:02'),
 (60,3,1,11,'2012-03-28 18:44:14','2012-03-28 18:44:15'),
 (61,1,1,11,'2012-03-28 18:44:27','2012-03-28 18:44:27'),
 (62,5,1,11,'2012-03-28 18:44:40','2012-03-28 18:44:40'),
 (63,1,1,11,'2012-03-28 20:02:10','2012-03-28 20:02:10'),
 (64,4,1,11,'2012-03-28 20:02:24','2012-03-28 20:02:24'),
 (65,4,1,11,'2012-03-28 20:02:38','2012-03-28 20:02:38'),
 (66,3,1,11,'2012-03-28 20:07:31','2012-03-28 20:07:31'),
 (68,4,1,11,'2012-03-28 20:08:16','2012-03-28 20:08:16'),
 (69,4,1,11,'2012-03-28 20:27:27','2012-03-28 20:27:27'),
 (70,3,1,10,'2012-03-28 21:52:17','2012-03-28 21:52:17');
UNLOCK TABLES;
/*!40000 ALTER TABLE `hojaruta` ENABLE KEYS */;


--
-- Definition of table `preventista`.`hojarutadetalle`
--

DROP TABLE IF EXISTS `preventista`.`hojarutadetalle`;
CREATE TABLE  `preventista`.`hojarutadetalle` (
  `hojarutadetalle_id` int(11) NOT NULL AUTO_INCREMENT,
  `hojaruta_id` int(11) NOT NULL,
  `pedidos_id` int(11) NOT NULL,
  `hojarutadetalle_created_at` timestamp NULL DEFAULT CURRENT_TIMESTAMP,
  `hojarutadetalle_updated_at` datetime DEFAULT NULL,
  `hojarutadetalle_tipotransaccion` int(11) DEFAULT NULL,
  PRIMARY KEY (`hojarutadetalle_id`),
  KEY `hojarutadetalle_hojaruta_id` (`hojaruta_id`),
  KEY `hojarutadetalle_tabgral_id` (`hojarutadetalle_tipotransaccion`),
  CONSTRAINT `hojarutadetalle_tabgral_id` FOREIGN KEY (`hojarutadetalle_tipotransaccion`) REFERENCES `tabgral` (`tabgral_id`),
  CONSTRAINT `hojarutadetalle_hojaruta_id` FOREIGN KEY (`hojaruta_id`) REFERENCES `hojaruta` (`hojaruta_id`) ON DELETE CASCADE ON UPDATE CASCADE
) ENGINE=InnoDB AUTO_INCREMENT=104 DEFAULT CHARSET=latin1;

--
-- Dumping data for table `preventista`.`hojarutadetalle`
--

/*!40000 ALTER TABLE `hojarutadetalle` DISABLE KEYS */;
LOCK TABLES `hojarutadetalle` WRITE;
INSERT INTO `preventista`.`hojarutadetalle` VALUES  (5,3,2,'2012-03-03 03:42:55','2012-03-03 03:42:55',22),
 (6,3,3,'2012-03-03 03:42:55','2012-03-03 03:42:55',23),
 (7,4,4,'2012-03-03 04:22:57','2012-03-03 04:22:57',24),
 (8,4,5,'2012-03-03 04:22:57','2012-03-03 04:22:57',22),
 (9,5,6,'2012-03-03 04:23:37','2012-03-03 04:23:37',23),
 (10,6,7,'2012-03-07 21:43:37','2012-03-07 21:43:37',24),
 (11,6,8,'2012-03-07 21:43:37','2012-03-07 21:43:37',22),
 (12,6,7,'2012-03-21 20:22:38','2012-03-21 20:22:38',23),
 (13,6,8,'2012-03-21 20:22:38','2012-03-21 20:22:38',24),
 (14,6,9,'2012-03-21 20:22:38','2012-03-21 20:22:38',22),
 (15,7,11,'2012-03-22 21:44:07','2012-03-22 21:44:07',23),
 (22,11,14,'2012-03-28 00:08:59','2012-03-28 00:08:59',23),
 (23,11,15,'2012-03-28 00:08:59','2012-03-28 00:08:59',24),
 (24,11,16,'2012-03-28 00:08:59','2012-03-28 00:08:59',22),
 (25,12,10,'2012-03-28 00:10:09','2012-03-28 00:10:09',22),
 (26,12,13,'2012-03-28 00:10:09','2012-03-28 00:10:09',23),
 (27,13,17,'2012-03-28 00:13:00','2012-03-28 00:13:00',22),
 (28,13,18,'2012-03-28 00:13:00','2012-03-28 00:13:00',24),
 (29,14,19,'2012-03-28 00:17:07','2012-03-28 00:17:07',22),
 (30,14,20,'2012-03-28 00:17:07','2012-03-28 00:17:07',24),
 (31,15,21,'2012-03-28 00:21:36','2012-03-28 00:21:36',24),
 (32,16,22,'2012-03-28 00:22:29','2012-03-28 00:22:29',22),
 (33,17,23,'2012-03-28 00:23:17','2012-03-28 00:23:17',23),
 (34,18,24,'2012-03-28 00:28:11','2012-03-28 00:28:11',22),
 (35,18,25,'2012-03-28 00:28:11','2012-03-28 00:28:11',24),
 (36,19,26,'2012-03-28 00:32:29','2012-03-28 00:32:29',22),
 (37,19,27,'2012-03-28 00:32:29','2012-03-28 00:32:29',24),
 (38,20,28,'2012-03-28 00:32:42','2012-03-28 00:32:42',22),
 (39,21,29,'2012-03-28 14:22:17','2012-03-28 14:22:17',23),
 (40,22,30,'2012-03-28 16:28:08','2012-03-28 16:28:08',22),
 (41,23,31,'2012-03-28 16:30:09','2012-03-28 16:30:09',22),
 (42,24,32,'2012-03-28 16:37:31','2012-03-28 16:37:31',24),
 (43,25,33,'2012-03-28 16:43:54','2012-03-28 16:43:54',24),
 (44,26,34,'2012-03-28 16:47:34','2012-03-28 16:47:34',22),
 (47,28,35,'2012-03-28 16:49:33','2012-03-28 16:49:33',22),
 (48,29,36,'2012-03-28 16:49:48','2012-03-28 16:49:48',23),
 (49,30,37,'2012-03-28 17:06:40','2012-03-28 17:06:40',24),
 (52,32,38,'2012-03-28 17:09:51','2012-03-28 17:09:50',22),
 (53,33,39,'2012-03-28 17:10:02','2012-03-28 17:10:02',23),
 (54,34,40,'2012-03-28 17:10:15','2012-03-28 17:10:15',23),
 (55,35,41,'2012-03-28 17:19:53','2012-03-28 17:19:53',22),
 (56,36,42,'2012-03-28 17:22:10','2012-03-28 17:22:10',22),
 (57,37,43,'2012-03-28 17:22:21','2012-03-28 17:22:21',22),
 (58,38,44,'2012-03-28 17:27:24','2012-03-28 17:27:24',22),
 (59,39,45,'2012-03-28 17:29:00','2012-03-28 17:29:00',22),
 (60,40,46,'2012-03-28 17:30:18','2012-03-28 17:30:18',22),
 (61,41,47,'2012-03-28 17:31:24','2012-03-28 17:31:24',22),
 (62,42,48,'2012-03-28 17:34:07','2012-03-28 17:34:07',22),
 (63,43,49,'2012-03-28 17:34:20','2012-03-28 17:34:20',22),
 (64,44,50,'2012-03-28 17:34:41','2012-03-28 17:34:41',24),
 (65,45,51,'2012-03-28 18:06:22','2012-03-28 18:06:22',22),
 (66,46,52,'2012-03-28 18:06:33','2012-03-28 18:06:33',22),
 (67,47,53,'2012-03-28 18:06:43','2012-03-28 18:06:43',23),
 (68,48,54,'2012-03-28 18:09:18','2012-03-28 18:09:18',22),
 (69,48,55,'2012-03-28 18:09:18','2012-03-28 18:09:18',24),
 (70,49,56,'2012-03-28 18:09:28','2012-03-28 18:09:28',23),
 (71,50,57,'2012-03-28 18:09:38','2012-03-28 18:09:38',22),
 (72,51,58,'2012-03-28 18:09:55','2012-03-28 18:09:55',22),
 (73,51,59,'2012-03-28 18:09:55','2012-03-28 18:09:55',23),
 (74,51,60,'2012-03-28 18:09:55','2012-03-28 18:09:55',22),
 (75,51,61,'2012-03-28 18:09:55','2012-03-28 18:09:55',24),
 (76,52,62,'2012-03-28 18:20:26','2012-03-28 18:20:26',22),
 (77,53,63,'2012-03-28 18:20:37','2012-03-28 18:20:37',24),
 (78,54,64,'2012-03-28 18:20:46','2012-03-28 18:20:46',23),
 (79,55,65,'2012-03-28 18:26:43','2012-03-28 18:26:43',24),
 (80,56,66,'2012-03-28 18:26:53','2012-03-28 18:26:53',24),
 (81,57,67,'2012-03-28 18:27:06','2012-03-28 18:27:06',22),
 (82,58,69,'2012-03-28 18:31:51','2012-03-28 18:31:51',23),
 (83,59,68,'2012-03-28 18:32:02','2012-03-28 18:32:02',24),
 (84,60,72,'2012-03-28 18:44:15','2012-03-28 18:44:15',22),
 (85,61,71,'2012-03-28 18:44:27','2012-03-28 18:44:27',24),
 (86,62,70,'2012-03-28 18:44:40','2012-03-28 18:44:40',24),
 (87,63,75,'2012-03-28 20:02:11','2012-03-28 20:02:11',23),
 (88,64,74,'2012-03-28 20:02:24','2012-03-28 20:02:24',24),
 (89,65,73,'2012-03-28 20:02:38','2012-03-28 20:02:38',24),
 (90,66,78,'2012-03-28 20:07:31','2012-03-28 20:07:31',22),
 (92,68,76,'2012-03-28 20:08:16','2012-03-28 20:08:16',22),
 (93,69,87,'2012-03-28 20:27:27','2012-03-28 20:27:27',22),
 (94,69,86,'2012-03-28 20:27:27','2012-03-28 20:27:27',24),
 (95,69,85,'2012-03-28 20:27:28','2012-03-28 20:27:28',22),
 (96,69,84,'2012-03-28 20:27:28','2012-03-28 20:27:28',22),
 (97,69,83,'2012-03-28 20:27:28','2012-03-28 20:27:28',23),
 (98,69,82,'2012-03-28 20:27:28','2012-03-28 20:27:28',22),
 (99,69,81,'2012-03-28 20:27:28','2012-03-28 20:27:28',23),
 (100,69,80,'2012-03-28 20:27:28','2012-03-28 20:27:28',22),
 (101,69,79,'2012-03-28 20:27:28','2012-03-28 20:27:28',24),
 (102,69,77,'2012-03-28 20:27:28','2012-03-28 20:27:28',24),
 (103,70,88,'2012-03-28 21:52:17','2012-03-28 21:52:17',23);
UNLOCK TABLES;
/*!40000 ALTER TABLE `hojarutadetalle` ENABLE KEYS */;


--
-- Definition of table `preventista`.`localidades`
--

DROP TABLE IF EXISTS `preventista`.`localidades`;
CREATE TABLE  `preventista`.`localidades` (
  `localidades_id` int(11) NOT NULL AUTO_INCREMENT,
  `localidades_nombre` varchar(150) NOT NULL,
  `localidades_codpostal` int(11) DEFAULT NULL,
  `provincias_id` int(11) NOT NULL,
  `localidades_created_at` timestamp NOT NULL DEFAULT CURRENT_TIMESTAMP,
  `localidades_updated_at` datetime NOT NULL,
  PRIMARY KEY (`localidades_id`),
  KEY `localidades_provincias_id` (`provincias_id`),
  KEY `provincias_id` (`provincias_id`),
  CONSTRAINT `localidades_provincias_id` FOREIGN KEY (`provincias_id`) REFERENCES `provincias` (`provincias_id`)
) ENGINE=InnoDB AUTO_INCREMENT=2105 DEFAULT CHARSET=latin1;

--
-- Dumping data for table `preventista`.`localidades`
--

/*!40000 ALTER TABLE `localidades` DISABLE KEYS */;
LOCK TABLES `localidades` WRITE;
INSERT INTO `preventista`.`localidades` VALUES  (1,'11 DE SEPTIEMBRE',1657,1,'0000-00-00 00:00:00','0000-00-00 00:00:00'),
 (2,'11 DE SEPTIEMBRE',1657,1,'0000-00-00 00:00:00','0000-00-00 00:00:00'),
 (3,'12 DE AGOSTO',2701,1,'0000-00-00 00:00:00','0000-00-00 00:00:00'),
 (4,'12 DE OCTUBRE',6501,1,'0000-00-00 00:00:00','0000-00-00 00:00:00'),
 (5,'16 DE JULIO',7313,1,'0000-00-00 00:00:00','0000-00-00 00:00:00'),
 (6,'17 DE AGOSTO',8129,1,'0000-00-00 00:00:00','0000-00-00 00:00:00'),
 (7,'20 DE JUNIO',1761,1,'0000-00-00 00:00:00','0000-00-00 00:00:00'),
 (8,'25 DE MAYO',6660,1,'0000-00-00 00:00:00','0000-00-00 00:00:00'),
 (9,'30 DE AGOSTO',6405,1,'0000-00-00 00:00:00','0000-00-00 00:00:00'),
 (10,'4 DE NOVIEMBRE',2707,1,'0000-00-00 00:00:00','0000-00-00 00:00:00'),
 (11,'9 DE ABRIL',1776,1,'0000-00-00 00:00:00','0000-00-00 00:00:00'),
 (12,'9 DE JULIO',6500,1,'0000-00-00 00:00:00','0000-00-00 00:00:00'),
 (13,'ABASTO',1903,1,'0000-00-00 00:00:00','0000-00-00 00:00:00'),
 (14,'ABBOTT',7228,1,'0000-00-00 00:00:00','0000-00-00 00:00:00'),
 (15,'ABEL',6450,1,'0000-00-00 00:00:00','0000-00-00 00:00:00'),
 (16,'ABRA DE HINOJO',8170,1,'0000-00-00 00:00:00','0000-00-00 00:00:00'),
 (17,'ACASSUSO',1640,1,'0000-00-00 00:00:00','0000-00-00 00:00:00'),
 (18,'ACEILAN',7003,1,'0000-00-00 00:00:00','0000-00-00 00:00:00'),
 (19,'ACEVEDO',2717,1,'0000-00-00 00:00:00','0000-00-00 00:00:00'),
 (20,'ACHUPALLAS',6627,1,'0000-00-00 00:00:00','0000-00-00 00:00:00'),
 (21,'ADELA',7136,1,'0000-00-00 00:00:00','0000-00-00 00:00:00'),
 (22,'ADELA CORTI',8000,1,'0000-00-00 00:00:00','0000-00-00 00:00:00'),
 (23,'ADELA SAENZ',8129,1,'0000-00-00 00:00:00','0000-00-00 00:00:00'),
 (24,'ADOLFO ALSINA',6430,1,'0000-00-00 00:00:00','0000-00-00 00:00:00'),
 (25,'ADOLFO GONZALES CHAVES',7513,1,'0000-00-00 00:00:00','0000-00-00 00:00:00'),
 (26,'ADROGUE',1846,1,'0000-00-00 00:00:00','0000-00-00 00:00:00'),
 (27,'AEROPUERTO EZEIZA',1802,1,'0000-00-00 00:00:00','0000-00-00 00:00:00'),
 (28,'AGOTE',6608,1,'0000-00-00 00:00:00','0000-00-00 00:00:00'),
 (29,'AGUARA',8105,1,'0000-00-00 00:00:00','0000-00-00 00:00:00'),
 (30,'AGUAS CORRIENTES',2701,1,'0000-00-00 00:00:00','0000-00-00 00:00:00'),
 (31,'AGUAS VERDES',7112,1,'0000-00-00 00:00:00','0000-00-00 00:00:00'),
 (32,'AGUIRREZABALA',2915,1,'0000-00-00 00:00:00','0000-00-00 00:00:00'),
 (33,'AGUSTIN MOSCONI',6667,1,'0000-00-00 00:00:00','0000-00-00 00:00:00'),
 (34,'AGUSTIN ROCA',6001,1,'0000-00-00 00:00:00','0000-00-00 00:00:00'),
 (35,'AGUSTINA',6001,1,'0000-00-00 00:00:00','0000-00-00 00:00:00'),
 (36,'ALAGON',6463,1,'0000-00-00 00:00:00','0000-00-00 00:00:00'),
 (37,'ALAMOS',6437,1,'0000-00-00 00:00:00','0000-00-00 00:00:00'),
 (38,'ALASTUEY',6703,1,'0000-00-00 00:00:00','0000-00-00 00:00:00'),
 (39,'ALBARI',6405,1,'0000-00-00 00:00:00','0000-00-00 00:00:00'),
 (40,'ALBERDI',6034,1,'0000-00-00 00:00:00','0000-00-00 00:00:00'),
 (41,'ALBERTI',6634,1,'0000-00-00 00:00:00','0000-00-00 00:00:00'),
 (42,'ALDEA SAN ANDRES',8126,1,'0000-00-00 00:00:00','0000-00-00 00:00:00'),
 (43,'ALDECON',7406,1,'0000-00-00 00:00:00','0000-00-00 00:00:00'),
 (44,'ALDO BONZI',1770,1,'0000-00-00 00:00:00','0000-00-00 00:00:00'),
 (45,'ALEGRE',1987,1,'0000-00-00 00:00:00','0000-00-00 00:00:00'),
 (46,'ALEJANDRO KORN',1864,1,'0000-00-00 00:00:00','0000-00-00 00:00:00'),
 (47,'ALEJANDRO PETION',1808,1,'0000-00-00 00:00:00','0000-00-00 00:00:00'),
 (48,'ALFA',6437,1,'0000-00-00 00:00:00','0000-00-00 00:00:00'),
 (49,'ALFALAD',6555,1,'0000-00-00 00:00:00','0000-00-00 00:00:00'),
 (50,'ALFEREZ SAN MARTIN',8117,1,'0000-00-00 00:00:00','0000-00-00 00:00:00'),
 (51,'ALFREDO DEMARCHI',6533,1,'0000-00-00 00:00:00','0000-00-00 00:00:00'),
 (52,'ALGARROBO',2935,1,'0000-00-00 00:00:00','0000-00-00 00:00:00'),
 (53,'ALGARROBO',6531,1,'0000-00-00 00:00:00','0000-00-00 00:00:00'),
 (54,'ALGARROBO',8136,1,'0000-00-00 00:00:00','0000-00-00 00:00:00'),
 (55,'ALMACEN CASTRO',2751,1,'0000-00-00 00:00:00','0000-00-00 00:00:00'),
 (56,'ALMACEN EL CRUCE',2751,1,'0000-00-00 00:00:00','0000-00-00 00:00:00'),
 (57,'ALMACEN EL DESCANSO',2752,1,'0000-00-00 00:00:00','0000-00-00 00:00:00'),
 (58,'ALMACEN LA COLINA',2740,1,'0000-00-00 00:00:00','0000-00-00 00:00:00'),
 (59,'ALMACEN PIATTI',2711,1,'0000-00-00 00:00:00','0000-00-00 00:00:00'),
 (60,'ALMIRANTE IRIZAR',1629,1,'0000-00-00 00:00:00','0000-00-00 00:00:00'),
 (61,'ALMIRANTE SOLIER',8109,1,'0000-00-00 00:00:00','0000-00-00 00:00:00'),
 (62,'ALSINA',2938,1,'0000-00-00 00:00:00','0000-00-00 00:00:00'),
 (63,'ALTA VISTA',8170,1,'0000-00-00 00:00:00','0000-00-00 00:00:00'),
 (64,'ALTAMIRA',6601,1,'0000-00-00 00:00:00','0000-00-00 00:00:00'),
 (65,'ALTAMIRANO',1986,1,'0000-00-00 00:00:00','0000-00-00 00:00:00'),
 (66,'ALTO LOS CARDALES',2814,1,'0000-00-00 00:00:00','0000-00-00 00:00:00'),
 (67,'ALTO VERDE',2801,1,'0000-00-00 00:00:00','0000-00-00 00:00:00'),
 (68,'ALTONA',7303,1,'0000-00-00 00:00:00','0000-00-00 00:00:00'),
 (69,'ALVAREZ DE TOLEDO',7267,1,'0000-00-00 00:00:00','0000-00-00 00:00:00'),
 (70,'ALVAREZ JONTE',1921,1,'0000-00-00 00:00:00','0000-00-00 00:00:00'),
 (71,'ALVARO BARROS',7403,1,'0000-00-00 00:00:00','0000-00-00 00:00:00'),
 (72,'ALZAGA',7021,1,'0000-00-00 00:00:00','0000-00-00 00:00:00'),
 (73,'AMALIA',6516,1,'0000-00-00 00:00:00','0000-00-00 00:00:00'),
 (74,'AMBROSIO P LEZICA',8508,1,'0000-00-00 00:00:00','0000-00-00 00:00:00'),
 (75,'AMERICA',6237,1,'0000-00-00 00:00:00','0000-00-00 00:00:00'),
 (76,'AMERICA UNIDA',1862,1,'0000-00-00 00:00:00','0000-00-00 00:00:00'),
 (77,'ANASAGASTI',6607,1,'0000-00-00 00:00:00','0000-00-00 00:00:00'),
 (78,'ANCON',6451,1,'0000-00-00 00:00:00','0000-00-00 00:00:00'),
 (79,'ANDANT',6555,1,'0000-00-00 00:00:00','0000-00-00 00:00:00'),
 (80,'ANDERSON',6621,1,'0000-00-00 00:00:00','0000-00-00 00:00:00'),
 (81,'ANDRES VACCAREZZA',6634,1,'0000-00-00 00:00:00','0000-00-00 00:00:00'),
 (82,'ANEQUE GRANDE',7011,1,'0000-00-00 00:00:00','0000-00-00 00:00:00'),
 (83,'ANTONIO CARBONI',7243,1,'0000-00-00 00:00:00','0000-00-00 00:00:00'),
 (84,'ANTONIO DE LOS HEROS',7305,1,'0000-00-00 00:00:00','0000-00-00 00:00:00'),
 (85,'APARICIO',8158,1,'0000-00-00 00:00:00','0000-00-00 00:00:00'),
 (86,'ARANA',1909,1,'0000-00-00 00:00:00','0000-00-00 00:00:00'),
 (87,'ARANO',6443,1,'0000-00-00 00:00:00','0000-00-00 00:00:00'),
 (88,'ARAUJO',6643,1,'0000-00-00 00:00:00','0000-00-00 00:00:00'),
 (89,'ARBOLEDA',6557,1,'0000-00-00 00:00:00','0000-00-00 00:00:00'),
 (90,'ARBUCO',1915,1,'0000-00-00 00:00:00','0000-00-00 00:00:00'),
 (91,'ARENALES',6005,1,'0000-00-00 00:00:00','0000-00-00 00:00:00'),
 (92,'ARENAZA',6075,1,'0000-00-00 00:00:00','0000-00-00 00:00:00'),
 (93,'AREVALO',7243,1,'0000-00-00 00:00:00','0000-00-00 00:00:00'),
 (94,'ARGERICH',8134,1,'0000-00-00 00:00:00','0000-00-00 00:00:00'),
 (95,'ARIEL',7301,1,'0000-00-00 00:00:00','0000-00-00 00:00:00'),
 (96,'ARQUEDAS',8164,1,'0000-00-00 00:00:00','0000-00-00 00:00:00'),
 (97,'ARRECIFES',2740,1,'0000-00-00 00:00:00','0000-00-00 00:00:00'),
 (98,'ARRIBE',6007,1,'0000-00-00 00:00:00','0000-00-00 00:00:00'),
 (99,'ARROYO AGUAS BLANCAS',8174,1,'0000-00-00 00:00:00','0000-00-00 00:00:00'),
 (100,'ARROYO AGUILA NEGRA',2800,1,'0000-00-00 00:00:00','0000-00-00 00:00:00'),
 (101,'ARROYO ALELI',2805,1,'0000-00-00 00:00:00','0000-00-00 00:00:00'),
 (102,'ARROYO BOTIJA FALSA',2800,1,'0000-00-00 00:00:00','0000-00-00 00:00:00'),
 (103,'ARROYO BURGOS',2935,1,'0000-00-00 00:00:00','0000-00-00 00:00:00'),
 (104,'ARROYO CANELON',1625,1,'0000-00-00 00:00:00','0000-00-00 00:00:00'),
 (105,'ARROYO CARABELITAS',2805,1,'0000-00-00 00:00:00','0000-00-00 00:00:00'),
 (106,'ARROYO CHICO',7011,1,'0000-00-00 00:00:00','0000-00-00 00:00:00'),
 (107,'ARROYO CORTO',8172,1,'0000-00-00 00:00:00','0000-00-00 00:00:00'),
 (108,'ARROYO DE LA CRUZ',2813,1,'0000-00-00 00:00:00','0000-00-00 00:00:00'),
 (109,'ARROYO DE LUNA',2752,1,'0000-00-00 00:00:00','0000-00-00 00:00:00'),
 (110,'ARROYO DEL PESCADO',1923,1,'0000-00-00 00:00:00','0000-00-00 00:00:00'),
 (111,'ARROYO DULCE',2743,1,'0000-00-00 00:00:00','0000-00-00 00:00:00'),
 (112,'ARROYO EL AHOGADO',2805,1,'0000-00-00 00:00:00','0000-00-00 00:00:00'),
 (113,'ARROYO EL CHINGOLO',6437,1,'0000-00-00 00:00:00','0000-00-00 00:00:00'),
 (114,'ARROYO GRANDE',7174,1,'0000-00-00 00:00:00','0000-00-00 00:00:00'),
 (115,'ARROYO LA MAZA',1923,1,'0000-00-00 00:00:00','0000-00-00 00:00:00'),
 (116,'ARROYO LAS CRUCES',2805,1,'0000-00-00 00:00:00','0000-00-00 00:00:00'),
 (117,'ARROYO LAS ROSAS',1625,1,'0000-00-00 00:00:00','0000-00-00 00:00:00'),
 (118,'ARROYO LAS ROSAS',2805,1,'0000-00-00 00:00:00','0000-00-00 00:00:00'),
 (119,'ARROYO LOS HUESOS',7301,1,'0000-00-00 00:00:00','0000-00-00 00:00:00'),
 (120,'ARROYO LOS TIGRES',2805,1,'0000-00-00 00:00:00','0000-00-00 00:00:00'),
 (121,'ARROYO ',2800,1,'0000-00-00 00:00:00','0000-00-00 00:00:00'),
 (122,'ARROYO ',2805,1,'0000-00-00 00:00:00','0000-00-00 00:00:00'),
 (123,'ARROYO NEGRO',2800,1,'0000-00-00 00:00:00','0000-00-00 00:00:00'),
 (124,'ARROYO PAREJA',8111,1,'0000-00-00 00:00:00','0000-00-00 00:00:00'),
 (125,'ARROYO PESQUERIA',2805,1,'0000-00-00 00:00:00','0000-00-00 00:00:00'),
 (126,'ARROYO TAJIBER',2805,1,'0000-00-00 00:00:00','0000-00-00 00:00:00'),
 (127,'ARROYO VENADO',6437,1,'0000-00-00 00:00:00','0000-00-00 00:00:00'),
 (128,'ARROYO ZANJON',2805,1,'0000-00-00 00:00:00','0000-00-00 00:00:00'),
 (129,'ARTURO SEGUI',1895,1,'0000-00-00 00:00:00','0000-00-00 00:00:00'),
 (130,'ARTURO VATTEONE',6433,1,'0000-00-00 00:00:00','0000-00-00 00:00:00'),
 (131,'ASAMBLEA',6640,1,'0000-00-00 00:00:00','0000-00-00 00:00:00'),
 (132,'ASCENCION',6003,1,'0000-00-00 00:00:00','0000-00-00 00:00:00'),
 (133,'ASTURIAS',6469,1,'0000-00-00 00:00:00','0000-00-00 00:00:00'),
 (134,'ATAHUALPA',6471,1,'0000-00-00 00:00:00','0000-00-00 00:00:00'),
 (135,'ATALAYA',1913,1,'0000-00-00 00:00:00','0000-00-00 00:00:00'),
 (136,'ATUCHA',2808,1,'0000-00-00 00:00:00','0000-00-00 00:00:00'),
 (137,'AVELLANEDA',1870,1,'0000-00-00 00:00:00','0000-00-00 00:00:00'),
 (138,'AVESTRUZ',8183,1,'0000-00-00 00:00:00','0000-00-00 00:00:00'),
 (139,'AYACUCHO',7150,1,'0000-00-00 00:00:00','0000-00-00 00:00:00'),
 (140,'AZCUENAGA',6721,1,'0000-00-00 00:00:00','0000-00-00 00:00:00'),
 (141,'AZOPARDO',8181,1,'0000-00-00 00:00:00','0000-00-00 00:00:00'),
 (142,'AZUL',7300,1,'0000-00-00 00:00:00','0000-00-00 00:00:00'),
 (143,'B LOS AROMOS SAN PATRICIO',1727,1,'0000-00-00 00:00:00','0000-00-00 00:00:00'),
 (144,'B NUESTRA SE',1727,1,'0000-00-00 00:00:00','0000-00-00 00:00:00'),
 (145,'B SARMIENTO DON ROLANDO',1727,1,'0000-00-00 00:00:00','0000-00-00 00:00:00'),
 (146,'B STA CATALINA HORNERO LA LOMA',1727,1,'0000-00-00 00:00:00','0000-00-00 00:00:00'),
 (147,'BACACAY',6516,1,'0000-00-00 00:00:00','0000-00-00 00:00:00'),
 (148,'BADANO',6403,1,'0000-00-00 00:00:00','0000-00-00 00:00:00'),
 (149,'BAHIA BLANCA',8000,1,'0000-00-00 00:00:00','0000-00-00 00:00:00'),
 (150,'BAHIA SAN BLAS',8506,1,'0000-00-00 00:00:00','0000-00-00 00:00:00'),
 (151,'BAIGORRITA',6013,1,'0000-00-00 00:00:00','0000-00-00 00:00:00'),
 (152,'BAJO HONDO',8115,1,'0000-00-00 00:00:00','0000-00-00 00:00:00'),
 (153,'BALCARCE',7620,1,'0000-00-00 00:00:00','0000-00-00 00:00:00'),
 (154,'BALNEARIO ATLANTIDA',7607,1,'0000-00-00 00:00:00','0000-00-00 00:00:00'),
 (155,'BALNEARIO CAMET NORTE',7607,1,'0000-00-00 00:00:00','0000-00-00 00:00:00'),
 (156,'BALNEARIO CHAPALCO',8132,1,'0000-00-00 00:00:00','0000-00-00 00:00:00'),
 (157,'BALNEARIO CLAROMECO',7505,1,'0000-00-00 00:00:00','0000-00-00 00:00:00'),
 (158,'BALNEARIO FRENTE MAR',7607,1,'0000-00-00 00:00:00','0000-00-00 00:00:00'),
 (159,'BALNEARIO LA BALIZA',7607,1,'0000-00-00 00:00:00','0000-00-00 00:00:00'),
 (160,'BALNEARIO LA CALETA',7609,1,'0000-00-00 00:00:00','0000-00-00 00:00:00'),
 (161,'BALNEARIO LOS ANGELES',7641,1,'0000-00-00 00:00:00','0000-00-00 00:00:00'),
 (162,'BALNEARIO MAR CHIQUITA',7609,1,'0000-00-00 00:00:00','0000-00-00 00:00:00'),
 (163,'BALNEARIO MAR DE COBO',7609,1,'0000-00-00 00:00:00','0000-00-00 00:00:00'),
 (164,'BALNEARIO OCEANO',7511,1,'0000-00-00 00:00:00','0000-00-00 00:00:00'),
 (165,'BALNEARIO ORENSE',7511,1,'0000-00-00 00:00:00','0000-00-00 00:00:00'),
 (166,'BALNEARIO ORIENTE',8153,1,'0000-00-00 00:00:00','0000-00-00 00:00:00'),
 (167,'BALNEARIO PARADA',8109,1,'0000-00-00 00:00:00','0000-00-00 00:00:00'),
 (168,'BALNEARIO PLAYA DORADA',7607,1,'0000-00-00 00:00:00','0000-00-00 00:00:00'),
 (169,'BALNEARIO SAN ANTONIO',8132,1,'0000-00-00 00:00:00','0000-00-00 00:00:00'),
 (170,'BALNEARIO SANTA ELENA',7609,1,'0000-00-00 00:00:00','0000-00-00 00:00:00'),
 (171,'BALNEARIO SAUCE GRANDE',8153,1,'0000-00-00 00:00:00','0000-00-00 00:00:00'),
 (172,'BALSA',6070,1,'0000-00-00 00:00:00','0000-00-00 00:00:00'),
 (173,'BANDERALO',6244,1,'0000-00-00 00:00:00','0000-00-00 00:00:00'),
 (174,'BANFIELD',1828,1,'0000-00-00 00:00:00','0000-00-00 00:00:00'),
 (175,'BARADERO',2942,1,'0000-00-00 00:00:00','0000-00-00 00:00:00'),
 (176,'BARKER',7005,1,'0000-00-00 00:00:00','0000-00-00 00:00:00'),
 (177,'BARRIENTOS',7247,1,'0000-00-00 00:00:00','0000-00-00 00:00:00'),
 (178,'BARRIO 1 DE MAYO',1814,1,'0000-00-00 00:00:00','0000-00-00 00:00:00'),
 (179,'BARRIO BATAN',7601,1,'0000-00-00 00:00:00','0000-00-00 00:00:00'),
 (180,'BARRIO CAROSIO',6000,1,'0000-00-00 00:00:00','0000-00-00 00:00:00'),
 (181,'BARRIO CHAPADMALAL',7605,1,'0000-00-00 00:00:00','0000-00-00 00:00:00'),
 (182,'BARRIO EL CAZADOR',1625,1,'0000-00-00 00:00:00','0000-00-00 00:00:00'),
 (183,'BARRIO EL PORTE',1915,1,'0000-00-00 00:00:00','0000-00-00 00:00:00'),
 (184,'BARRIO EMIR RAMON JUAREZ',7600,1,'0000-00-00 00:00:00','0000-00-00 00:00:00'),
 (185,'BARRIO GARIN NORTE',1623,1,'0000-00-00 00:00:00','0000-00-00 00:00:00'),
 (186,'BARRIO GASTRONOMICO',7600,1,'0000-00-00 00:00:00','0000-00-00 00:00:00'),
 (187,'BARRIO GENERAL SAN MARTIN',6000,1,'0000-00-00 00:00:00','0000-00-00 00:00:00'),
 (188,'BARRIO INDIO TROMPA',6400,1,'0000-00-00 00:00:00','0000-00-00 00:00:00'),
 (189,'BARRIO JULIO DE VEDIA',6500,1,'0000-00-00 00:00:00','0000-00-00 00:00:00'),
 (190,'BARRIO LA DOLLY',1980,1,'0000-00-00 00:00:00','0000-00-00 00:00:00'),
 (191,'BARRIO LA LUISA',7400,1,'0000-00-00 00:00:00','0000-00-00 00:00:00'),
 (192,'BARRIO LAS MANDARINAS',1980,1,'0000-00-00 00:00:00','0000-00-00 00:00:00'),
 (193,'BARRIO OBRERO',6450,1,'0000-00-00 00:00:00','0000-00-00 00:00:00'),
 (194,'BARRIO OESTE',7607,1,'0000-00-00 00:00:00','0000-00-00 00:00:00'),
 (195,'BARRIO PARQUE BRISTOL',7607,1,'0000-00-00 00:00:00','0000-00-00 00:00:00'),
 (196,'BARRIO PARQUE LAMBARE',1623,1,'0000-00-00 00:00:00','0000-00-00 00:00:00'),
 (197,'BARRIO PARQUE LELOIR',1713,1,'0000-00-00 00:00:00','0000-00-00 00:00:00'),
 (198,'BARRIO PEDRO ROCCO',7109,1,'0000-00-00 00:00:00','0000-00-00 00:00:00'),
 (199,'BARRIO PUEBLO NUEVO',7600,1,'0000-00-00 00:00:00','0000-00-00 00:00:00'),
 (200,'BARRIO SAN ALEJO',1629,1,'0000-00-00 00:00:00','0000-00-00 00:00:00'),
 (201,'BARRIO SAN JACINTO',2800,1,'0000-00-00 00:00:00','0000-00-00 00:00:00'),
 (202,'BARRIO SAN PABLO',1862,1,'0000-00-00 00:00:00','0000-00-00 00:00:00'),
 (203,'BARRIO SANTA MAGDALENA',1862,1,'0000-00-00 00:00:00','0000-00-00 00:00:00'),
 (204,'BARRIO TIERRA DE ORO',7600,1,'0000-00-00 00:00:00','0000-00-00 00:00:00'),
 (205,'BARRIO TIRO FEDERAL',7600,1,'0000-00-00 00:00:00','0000-00-00 00:00:00'),
 (206,'BARRIO TROCHA',2700,1,'0000-00-00 00:00:00','0000-00-00 00:00:00'),
 (207,'BARRIO VILLA ORTEGA',6000,1,'0000-00-00 00:00:00','0000-00-00 00:00:00'),
 (208,'BARRIO VILLA SALADILLO',7260,1,'0000-00-00 00:00:00','0000-00-00 00:00:00'),
 (209,'BASE AERONAVAL CMTE ESPORA',8107,1,'0000-00-00 00:00:00','0000-00-00 00:00:00'),
 (210,'BASE AERONAVAL PUNTA INDIO',1919,1,'0000-00-00 00:00:00','0000-00-00 00:00:00'),
 (211,'BASE NAVAL AZOPARDO',7301,1,'0000-00-00 00:00:00','0000-00-00 00:00:00'),
 (212,'BASE NAVAL RIO SANTIAGO',1929,1,'0000-00-00 00:00:00','0000-00-00 00:00:00'),
 (213,'BATERIAS',8113,1,'0000-00-00 00:00:00','0000-00-00 00:00:00'),
 (214,'BATHURST ESTACION',7540,1,'0000-00-00 00:00:00','0000-00-00 00:00:00'),
 (215,'BAUDRIX',6643,1,'0000-00-00 00:00:00','0000-00-00 00:00:00'),
 (216,'BAYAUCA',6078,1,'0000-00-00 00:00:00','0000-00-00 00:00:00'),
 (217,'BECCAR',1643,1,'0000-00-00 00:00:00','0000-00-00 00:00:00'),
 (218,'BELEN DE ESCOBAR',1625,1,'0000-00-00 00:00:00','0000-00-00 00:00:00'),
 (219,'BELLA VISTA',1661,1,'0000-00-00 00:00:00','0000-00-00 00:00:00'),
 (220,'BELLOCQ',6535,1,'0000-00-00 00:00:00','0000-00-00 00:00:00'),
 (221,'BENAVIDEZ',1621,1,'0000-00-00 00:00:00','0000-00-00 00:00:00'),
 (222,'BENITEZ',6632,1,'0000-00-00 00:00:00','0000-00-00 00:00:00'),
 (223,'BENITO JUAREZ',7020,1,'0000-00-00 00:00:00','0000-00-00 00:00:00'),
 (224,'BERAZATEGUI',1884,1,'0000-00-00 00:00:00','0000-00-00 00:00:00'),
 (225,'BERDIER',2743,1,'0000-00-00 00:00:00','0000-00-00 00:00:00'),
 (226,'BERISSO',1923,1,'0000-00-00 00:00:00','0000-00-00 00:00:00'),
 (227,'BERMUDEZ',6071,1,'0000-00-00 00:00:00','0000-00-00 00:00:00'),
 (228,'BERNAL ESTE',1876,1,'0000-00-00 00:00:00','0000-00-00 00:00:00'),
 (229,'BERNAL OESTE',1876,1,'0000-00-00 00:00:00','0000-00-00 00:00:00'),
 (230,'BERNARDO VERA Y PINTADO',7313,1,'0000-00-00 00:00:00','0000-00-00 00:00:00'),
 (231,'BERRAONDO',8124,1,'0000-00-00 00:00:00','0000-00-00 00:00:00'),
 (232,'BERUTI',6424,1,'0000-00-00 00:00:00','0000-00-00 00:00:00'),
 (233,'BLANCA GRANDE',6561,1,'0000-00-00 00:00:00','0000-00-00 00:00:00'),
 (234,'BLANDENGUES',6032,1,'0000-00-00 00:00:00','0000-00-00 00:00:00'),
 (235,'BLAQUIER',6065,1,'0000-00-00 00:00:00','0000-00-00 00:00:00'),
 (236,'BLAS DURA',6661,1,'0000-00-00 00:00:00','0000-00-00 00:00:00'),
 (237,'BLONDEAU',2805,1,'0000-00-00 00:00:00','0000-00-00 00:00:00'),
 (238,'BME BAVIO GRAL MANSILLA',1911,1,'0000-00-00 00:00:00','0000-00-00 00:00:00'),
 (239,'BOCAYUBA',6348,1,'0000-00-00 00:00:00','0000-00-00 00:00:00'),
 (240,'BOLIVAR',6550,1,'0000-00-00 00:00:00','0000-00-00 00:00:00'),
 (241,'BONIFACIO',6439,1,'0000-00-00 00:00:00','0000-00-00 00:00:00'),
 (242,'BONNEMENT',7223,1,'0000-00-00 00:00:00','0000-00-00 00:00:00'),
 (243,'BORDENAVE',8187,1,'0000-00-00 00:00:00','0000-00-00 00:00:00'),
 (244,'BOSCH',7620,1,'0000-00-00 00:00:00','0000-00-00 00:00:00'),
 (245,'BOSQUES',1889,1,'0000-00-00 00:00:00','0000-00-00 00:00:00'),
 (246,'BOULOGNE',1609,1,'0000-00-00 00:00:00','0000-00-00 00:00:00'),
 (247,'BRAGADO',6640,1,'0000-00-00 00:00:00','0000-00-00 00:00:00'),
 (248,'BRAVO DEL DOS',6411,1,'0000-00-00 00:00:00','0000-00-00 00:00:00'),
 (249,'BUCHANAN',1903,1,'0000-00-00 00:00:00','0000-00-00 00:00:00'),
 (250,'BURZACO',1852,1,'0000-00-00 00:00:00','0000-00-00 00:00:00'),
 (251,'CABEZA DE BUEY',8134,1,'0000-00-00 00:00:00','0000-00-00 00:00:00'),
 (252,'CABILDO',8118,1,'0000-00-00 00:00:00','0000-00-00 00:00:00'),
 (253,'CABO SAN FERMIN',2703,1,'0000-00-00 00:00:00','0000-00-00 00:00:00'),
 (254,'CACHARI',7214,1,'0000-00-00 00:00:00','0000-00-00 00:00:00'),
 (255,'CADRET',6535,1,'0000-00-00 00:00:00','0000-00-00 00:00:00'),
 (256,'CAILOMUTA',6339,1,'0000-00-00 00:00:00','0000-00-00 00:00:00'),
 (257,'CALDERON',8101,1,'0000-00-00 00:00:00','0000-00-00 00:00:00'),
 (258,'CALERA AVELLANEDA',7400,1,'0000-00-00 00:00:00','0000-00-00 00:00:00'),
 (259,'CALFUCURA',7613,1,'0000-00-00 00:00:00','0000-00-00 00:00:00'),
 (260,'CALVO',8154,1,'0000-00-00 00:00:00','0000-00-00 00:00:00'),
 (261,'CAMARON CHICO',7116,1,'0000-00-00 00:00:00','0000-00-00 00:00:00'),
 (262,'CAMBACERES',6516,1,'0000-00-00 00:00:00','0000-00-00 00:00:00'),
 (263,'CAMET',7612,1,'0000-00-00 00:00:00','0000-00-00 00:00:00'),
 (264,'CAMINERA AZUL',7300,1,'0000-00-00 00:00:00','0000-00-00 00:00:00'),
 (265,'CAMINERA JUAREZ',7020,1,'0000-00-00 00:00:00','0000-00-00 00:00:00'),
 (266,'CAMINERA LUJAN',6700,1,'0000-00-00 00:00:00','0000-00-00 00:00:00'),
 (267,'CAMINERA NAPALEOFU',7007,1,'0000-00-00 00:00:00','0000-00-00 00:00:00'),
 (268,'CAMINERA SAMBOROMBON',7130,1,'0000-00-00 00:00:00','0000-00-00 00:00:00'),
 (269,'CAMINO CENTENARIO KM 11500',1896,1,'0000-00-00 00:00:00','0000-00-00 00:00:00'),
 (270,'CAMPAMENTO',7613,1,'0000-00-00 00:00:00','0000-00-00 00:00:00'),
 (271,'CAMPANA',2804,1,'0000-00-00 00:00:00','0000-00-00 00:00:00'),
 (272,'CAMPO ARISTIMU',6474,1,'0000-00-00 00:00:00','0000-00-00 00:00:00'),
 (273,'CAMPO BUENA VISTA',2700,1,'0000-00-00 00:00:00','0000-00-00 00:00:00'),
 (274,'CAMPO COLIQUEO',6015,1,'0000-00-00 00:00:00','0000-00-00 00:00:00'),
 (275,'CAMPO CRISOL',2754,1,'0000-00-00 00:00:00','0000-00-00 00:00:00'),
 (276,'CAMPO DE MAYO',1659,1,'0000-00-00 00:00:00','0000-00-00 00:00:00'),
 (277,'CAMPO DEL NORTE AMERICANO',8185,1,'0000-00-00 00:00:00','0000-00-00 00:00:00'),
 (278,'CAMPO FUNKE',7247,1,'0000-00-00 00:00:00','0000-00-00 00:00:00'),
 (279,'CAMPO LA ELISA',2752,1,'0000-00-00 00:00:00','0000-00-00 00:00:00'),
 (280,'CAMPO LA LIMA',8150,1,'0000-00-00 00:00:00','0000-00-00 00:00:00'),
 (281,'CAMPO LA NENA',2764,1,'0000-00-00 00:00:00','0000-00-00 00:00:00'),
 (282,'CAMPO LA PLATA',7623,1,'0000-00-00 00:00:00','0000-00-00 00:00:00'),
 (283,'CAMPO LA TRIBU',6015,1,'0000-00-00 00:00:00','0000-00-00 00:00:00'),
 (284,'CAMPO LA ZULEMA',8185,1,'0000-00-00 00:00:00','0000-00-00 00:00:00'),
 (285,'CAMPO LEITE',7623,1,'0000-00-00 00:00:00','0000-00-00 00:00:00'),
 (286,'CAMPO LOPE SECO',1980,1,'0000-00-00 00:00:00','0000-00-00 00:00:00'),
 (287,'CAMPO LOS AROMOS',8185,1,'0000-00-00 00:00:00','0000-00-00 00:00:00'),
 (288,'CAMPO MAIPU',6013,1,'0000-00-00 00:00:00','0000-00-00 00:00:00'),
 (289,'CAMPO PELAEZ',7623,1,'0000-00-00 00:00:00','0000-00-00 00:00:00'),
 (290,'CAMPO PE',6605,1,'0000-00-00 00:00:00','0000-00-00 00:00:00'),
 (291,'CAMPO ROJAS',7303,1,'0000-00-00 00:00:00','0000-00-00 00:00:00'),
 (292,'CAMPO SABATE',7245,1,'0000-00-00 00:00:00','0000-00-00 00:00:00'),
 (293,'CAMPO SAN JUAN',8185,1,'0000-00-00 00:00:00','0000-00-00 00:00:00'),
 (294,'CAMPODONICO',7305,1,'0000-00-00 00:00:00','0000-00-00 00:00:00'),
 (295,'CAMPOMAR VI',1625,1,'0000-00-00 00:00:00','0000-00-00 00:00:00'),
 (296,'CA',6700,1,'0000-00-00 00:00:00','0000-00-00 00:00:00'),
 (297,'CA',6625,1,'0000-00-00 00:00:00','0000-00-00 00:00:00'),
 (298,'CA',8183,1,'0000-00-00 00:00:00','0000-00-00 00:00:00'),
 (299,'CA',2740,1,'0000-00-00 00:00:00','0000-00-00 00:00:00'),
 (300,'CA',6105,1,'0000-00-00 00:00:00','0000-00-00 00:00:00'),
 (301,'CANAL 15 CERRO DE LA GLORIA',7114,1,'0000-00-00 00:00:00','0000-00-00 00:00:00'),
 (302,'CANAL MARTIN IRIGOYEN',2800,1,'0000-00-00 00:00:00','0000-00-00 00:00:00'),
 (303,'CANAL N ALEM 1A SEC',2805,1,'0000-00-00 00:00:00','0000-00-00 00:00:00'),
 (304,'CANAL N ALEM 2A SEC',2805,1,'0000-00-00 00:00:00','0000-00-00 00:00:00'),
 (305,'CANCHA DEL POLLO',1987,1,'0000-00-00 00:00:00','0000-00-00 00:00:00'),
 (306,'CANGALLO',7153,1,'0000-00-00 00:00:00','0000-00-00 00:00:00'),
 (307,'CANNING',1804,1,'0000-00-00 00:00:00','0000-00-00 00:00:00'),
 (308,'CANNING',1804,1,'0000-00-00 00:00:00','0000-00-00 00:00:00'),
 (309,'CANONIGO GORRITI',8185,1,'0000-00-00 00:00:00','0000-00-00 00:00:00'),
 (310,'CANTERA AGUIRRE',7000,1,'0000-00-00 00:00:00','0000-00-00 00:00:00'),
 (311,'CANTERA ALBION',7000,1,'0000-00-00 00:00:00','0000-00-00 00:00:00'),
 (312,'CANTERA LA AURORA',7000,1,'0000-00-00 00:00:00','0000-00-00 00:00:00'),
 (313,'CANTERA LA FEDERACION',7000,1,'0000-00-00 00:00:00','0000-00-00 00:00:00'),
 (314,'CANTERA LA MOVEDIZA',7000,1,'0000-00-00 00:00:00','0000-00-00 00:00:00'),
 (315,'CANTERA MONTE CRISTO',7000,1,'0000-00-00 00:00:00','0000-00-00 00:00:00'),
 (316,'CANTERA SAN LUIS',7000,1,'0000-00-00 00:00:00','0000-00-00 00:00:00'),
 (317,'CANTERA VILLALONGA',8504,1,'0000-00-00 00:00:00','0000-00-00 00:00:00'),
 (318,'CANTERAS DE GREGORINI',7401,1,'0000-00-00 00:00:00','0000-00-00 00:00:00'),
 (319,'CA',1814,1,'0000-00-00 00:00:00','0000-00-00 00:00:00'),
 (320,'CAPDEPONT',6612,1,'0000-00-00 00:00:00','0000-00-00 00:00:00'),
 (321,'CAPILLA DEL SE',2812,1,'0000-00-00 00:00:00','0000-00-00 00:00:00'),
 (322,'CAPITAN CASTRO',6461,1,'0000-00-00 00:00:00','0000-00-00 00:00:00'),
 (323,'CAPITAN SARMIENTO',2752,1,'0000-00-00 00:00:00','0000-00-00 00:00:00'),
 (324,'CARABELAS',2703,1,'0000-00-00 00:00:00','0000-00-00 00:00:00'),
 (325,'CARAPACHAY',1605,1,'0000-00-00 00:00:00','0000-00-00 00:00:00'),
 (326,'CARDENAL CAGLIERO',8506,1,'0000-00-00 00:00:00','0000-00-00 00:00:00'),
 (327,'CARHUE',6430,1,'0000-00-00 00:00:00','0000-00-00 00:00:00'),
 (328,'CARI LARQUEA',7119,1,'0000-00-00 00:00:00','0000-00-00 00:00:00'),
 (329,'CARILO',7167,1,'0000-00-00 00:00:00','0000-00-00 00:00:00'),
 (330,'CARLOS BEGUERIE',7247,1,'0000-00-00 00:00:00','0000-00-00 00:00:00'),
 (331,'CARLOS CASARES',6530,1,'0000-00-00 00:00:00','0000-00-00 00:00:00'),
 (332,'CARLOS KEEN',6701,1,'0000-00-00 00:00:00','0000-00-00 00:00:00'),
 (333,'CARLOS LEMEE',2812,1,'0000-00-00 00:00:00','0000-00-00 00:00:00'),
 (334,'CARLOS MARIA NAON',6515,1,'0000-00-00 00:00:00','0000-00-00 00:00:00'),
 (335,'CARLOS SALAS',6453,1,'0000-00-00 00:00:00','0000-00-00 00:00:00'),
 (336,'CARLOS SPEGAZZINI',1812,1,'0000-00-00 00:00:00','0000-00-00 00:00:00'),
 (337,'CARLOS TEJEDOR',6455,1,'0000-00-00 00:00:00','0000-00-00 00:00:00'),
 (338,'CARMEN DE ARECO',6725,1,'0000-00-00 00:00:00','0000-00-00 00:00:00'),
 (339,'CARMEN DE PATAGONES',8504,1,'0000-00-00 00:00:00','0000-00-00 00:00:00'),
 (340,'CASALINS',7225,1,'0000-00-00 00:00:00','0000-00-00 00:00:00'),
 (341,'CASBAS',6417,1,'0000-00-00 00:00:00','0000-00-00 00:00:00'),
 (342,'CASCADA',7547,1,'0000-00-00 00:00:00','0000-00-00 00:00:00'),
 (343,'CASEROS',1678,1,'0000-00-00 00:00:00','0000-00-00 00:00:00'),
 (344,'CASEY',6417,1,'0000-00-00 00:00:00','0000-00-00 00:00:00'),
 (345,'CASTELAR',1712,1,'0000-00-00 00:00:00','0000-00-00 00:00:00'),
 (346,'CASTELLI',7114,1,'0000-00-00 00:00:00','0000-00-00 00:00:00'),
 (347,'CASTILLA',6616,1,'0000-00-00 00:00:00','0000-00-00 00:00:00'),
 (348,'CAZON',7265,1,'0000-00-00 00:00:00','0000-00-00 00:00:00'),
 (349,'CENTENARIO',6535,1,'0000-00-00 00:00:00','0000-00-00 00:00:00'),
 (350,'CENTRO AGRICOLA EL PATO',1893,1,'0000-00-00 00:00:00','0000-00-00 00:00:00'),
 (351,'CENTRO GUERRERO',7114,1,'0000-00-00 00:00:00','0000-00-00 00:00:00'),
 (352,'CERRITO',6237,1,'0000-00-00 00:00:00','0000-00-00 00:00:00'),
 (353,'CERRO AGUILA',7403,1,'0000-00-00 00:00:00','0000-00-00 00:00:00'),
 (354,'CERRO DE LA GLORIA CANAL 15',7101,1,'0000-00-00 00:00:00','0000-00-00 00:00:00'),
 (355,'CERRO DE LOS LEONES',7000,1,'0000-00-00 00:00:00','0000-00-00 00:00:00'),
 (356,'CERRO NEGRO',7403,1,'0000-00-00 00:00:00','0000-00-00 00:00:00'),
 (357,'CERRO SOTUYO',7403,1,'0000-00-00 00:00:00','0000-00-00 00:00:00'),
 (358,'CHACABUCO',6740,1,'0000-00-00 00:00:00','0000-00-00 00:00:00'),
 (359,'CHACRA EXPERIMENTAL INTA',2700,1,'0000-00-00 00:00:00','0000-00-00 00:00:00'),
 (360,'CHALA QUILCA',7406,1,'0000-00-00 00:00:00','0000-00-00 00:00:00'),
 (361,'CHANCAY',6017,1,'0000-00-00 00:00:00','0000-00-00 00:00:00'),
 (362,'CHAPALEUFU',7203,1,'0000-00-00 00:00:00','0000-00-00 00:00:00'),
 (363,'CHAPAR',7020,1,'0000-00-00 00:00:00','0000-00-00 00:00:00'),
 (364,'CHAPI TALO',6341,1,'0000-00-00 00:00:00','0000-00-00 00:00:00'),
 (365,'CHAS',7223,1,'0000-00-00 00:00:00','0000-00-00 00:00:00'),
 (366,'CHASCOMUS',7130,1,'0000-00-00 00:00:00','0000-00-00 00:00:00'),
 (367,'CHASICO',8117,1,'0000-00-00 00:00:00','0000-00-00 00:00:00'),
 (368,'CHENAUT',2764,1,'0000-00-00 00:00:00','0000-00-00 00:00:00'),
 (369,'CHICLANA',6476,1,'0000-00-00 00:00:00','0000-00-00 00:00:00'),
 (370,'CHILLAR',7311,1,'0000-00-00 00:00:00','0000-00-00 00:00:00'),
 (371,'CHIVILCOY',6620,1,'0000-00-00 00:00:00','0000-00-00 00:00:00'),
 (372,'CHOIQUE',8000,1,'0000-00-00 00:00:00','0000-00-00 00:00:00'),
 (373,'CHURRUCA',1657,1,'0000-00-00 00:00:00','0000-00-00 00:00:00'),
 (374,'CITY BELL',1896,1,'0000-00-00 00:00:00','0000-00-00 00:00:00'),
 (375,'CIUDAD EVITA',1778,1,'0000-00-00 00:00:00','0000-00-00 00:00:00'),
 (376,'CIUDAD JARDIN DEL PALOMAR',1684,1,'0000-00-00 00:00:00','0000-00-00 00:00:00'),
 (377,'CIUDAD MADERO',1768,1,'0000-00-00 00:00:00','0000-00-00 00:00:00'),
 (378,'CIUDADELA',1702,1,'0000-00-00 00:00:00','0000-00-00 00:00:00'),
 (379,'CLARAZ',7005,1,'0000-00-00 00:00:00','0000-00-00 00:00:00'),
 (380,'CLAUDIO C MOLINA',7515,1,'0000-00-00 00:00:00','0000-00-00 00:00:00'),
 (381,'CLAVERIE',7163,1,'0000-00-00 00:00:00','0000-00-00 00:00:00'),
 (382,'CLAYPOLE',1849,1,'0000-00-00 00:00:00','0000-00-00 00:00:00'),
 (383,'COBO',7612,1,'0000-00-00 00:00:00','0000-00-00 00:00:00'),
 (384,'COCHRANE',8118,1,'0000-00-00 00:00:00','0000-00-00 00:00:00'),
 (385,'COLEGIO SAN PABLO',2752,1,'0000-00-00 00:00:00','0000-00-00 00:00:00'),
 (386,'COLIQUEO',6743,1,'0000-00-00 00:00:00','0000-00-00 00:00:00'),
 (387,'COLMAN',7201,1,'0000-00-00 00:00:00','0000-00-00 00:00:00'),
 (388,'COLON',2720,1,'0000-00-00 00:00:00','0000-00-00 00:00:00'),
 (389,'COLONIA ALBERDI',6034,1,'0000-00-00 00:00:00','0000-00-00 00:00:00'),
 (390,'COLONIA BARGA',8142,1,'0000-00-00 00:00:00','0000-00-00 00:00:00'),
 (391,'COLONIA BARON HIRSCH',6441,1,'0000-00-00 00:00:00','0000-00-00 00:00:00'),
 (392,'COLONIA BEETHOVEN',1921,1,'0000-00-00 00:00:00','0000-00-00 00:00:00'),
 (393,'COLONIA BELLA VISTA',8000,1,'0000-00-00 00:00:00','0000-00-00 00:00:00'),
 (394,'COLONIA CUARENTA Y TRES',8136,1,'0000-00-00 00:00:00','0000-00-00 00:00:00'),
 (395,'COLONIA DE VAC CHAPADMALAL',7609,1,'0000-00-00 00:00:00','0000-00-00 00:00:00'),
 (396,'COLONIA DR GDOR UDAONDO',8180,1,'0000-00-00 00:00:00','0000-00-00 00:00:00'),
 (397,'COLONIA EL BALDE',6403,1,'0000-00-00 00:00:00','0000-00-00 00:00:00'),
 (398,'COLONIA EL GUANACO',8142,1,'0000-00-00 00:00:00','0000-00-00 00:00:00'),
 (399,'COLONIA EL PINCEN',8181,1,'0000-00-00 00:00:00','0000-00-00 00:00:00'),
 (400,'COLONIA ESCUELA ARGENTINA',7136,1,'0000-00-00 00:00:00','0000-00-00 00:00:00'),
 (401,'COLONIA FERRARI',7172,1,'0000-00-00 00:00:00','0000-00-00 00:00:00'),
 (402,'COLONIA HINOJO',7318,1,'0000-00-00 00:00:00','0000-00-00 00:00:00'),
 (403,'COLONIA HIPOLITO YRIGOYEN',8181,1,'0000-00-00 00:00:00','0000-00-00 00:00:00'),
 (404,'COLONIA HOGAR R GUTIERREZ',1727,1,'0000-00-00 00:00:00','0000-00-00 00:00:00'),
 (405,'COLONIA INCHAUSTI',6667,1,'0000-00-00 00:00:00','0000-00-00 00:00:00'),
 (406,'COLONIA LA BEBA',6003,1,'0000-00-00 00:00:00','0000-00-00 00:00:00'),
 (407,'COLONIA LA CATALINA',8136,1,'0000-00-00 00:00:00','0000-00-00 00:00:00'),
 (408,'COLONIA LA CELINA',8508,1,'0000-00-00 00:00:00','0000-00-00 00:00:00'),
 (409,'COLONIA LA ESPERANZA',6531,1,'0000-00-00 00:00:00','0000-00-00 00:00:00'),
 (410,'COLONIA LA ESTRELLA',8185,1,'0000-00-00 00:00:00','0000-00-00 00:00:00'),
 (411,'COLONIA LA GRACIELA',8142,1,'0000-00-00 00:00:00','0000-00-00 00:00:00'),
 (412,'COLONIA LA INVERNADA',2751,1,'0000-00-00 00:00:00','0000-00-00 00:00:00'),
 (413,'COLONIA LA MERCED',8105,1,'0000-00-00 00:00:00','0000-00-00 00:00:00'),
 (414,'COLONIA LA NENA',2751,1,'0000-00-00 00:00:00','0000-00-00 00:00:00'),
 (415,'COLONIA LA NORIA',2751,1,'0000-00-00 00:00:00','0000-00-00 00:00:00'),
 (416,'COLONIA LA REINA',2751,1,'0000-00-00 00:00:00','0000-00-00 00:00:00'),
 (417,'COLONIA LA VANGUARDIA',2711,1,'0000-00-00 00:00:00','0000-00-00 00:00:00'),
 (418,'COLONIA LA VASCONGADA',8183,1,'0000-00-00 00:00:00','0000-00-00 00:00:00'),
 (419,'COLONIA LABORDEROY',2751,1,'0000-00-00 00:00:00','0000-00-00 00:00:00'),
 (420,'COLONIA LAPIN',8185,1,'0000-00-00 00:00:00','0000-00-00 00:00:00'),
 (421,'COLONIA LAS YESCAS',6513,1,'0000-00-00 00:00:00','0000-00-00 00:00:00'),
 (422,'COLONIA LEVEN',8185,1,'0000-00-00 00:00:00','0000-00-00 00:00:00'),
 (423,'COLONIA LOS ALAMOS',8142,1,'0000-00-00 00:00:00','0000-00-00 00:00:00'),
 (424,'COLONIA LOS ALFALFARES',8132,1,'0000-00-00 00:00:00','0000-00-00 00:00:00'),
 (425,'COLONIA LOS BOSQUES',6018,1,'0000-00-00 00:00:00','0000-00-00 00:00:00'),
 (426,'COLONIA LOS HORNOS',6007,1,'0000-00-00 00:00:00','0000-00-00 00:00:00'),
 (427,'COLONIA LOS HUESOS',6018,1,'0000-00-00 00:00:00','0000-00-00 00:00:00'),
 (428,'COLONIA LOS TOLDOS',2751,1,'0000-00-00 00:00:00','0000-00-00 00:00:00'),
 (429,'COLONIA LOS TRES USARIS',2760,1,'0000-00-00 00:00:00','0000-00-00 00:00:00'),
 (430,'COLONIA MAURICIO',6531,1,'0000-00-00 00:00:00','0000-00-00 00:00:00'),
 (431,'COLONIA MIGUEL ESTEVERENA',8508,1,'0000-00-00 00:00:00','0000-00-00 00:00:00'),
 (432,'COLONIA MONTE LA PLATA',8144,1,'0000-00-00 00:00:00','0000-00-00 00:00:00'),
 (433,'COLONIA MURATURE',6341,1,'0000-00-00 00:00:00','0000-00-00 00:00:00'),
 (434,'COLONIA NAC DE ALIENADOS',6708,1,'0000-00-00 00:00:00','0000-00-00 00:00:00'),
 (435,'COLONIA NACIONAL DE MENORES',1727,1,'0000-00-00 00:00:00','0000-00-00 00:00:00'),
 (436,'COLONIA NAVIERA',6341,1,'0000-00-00 00:00:00','0000-00-00 00:00:00'),
 (437,'COLONIA NIEVES',7318,1,'0000-00-00 00:00:00','0000-00-00 00:00:00'),
 (438,'COLONIA OCAMPO',8134,1,'0000-00-00 00:00:00','0000-00-00 00:00:00'),
 (439,'COLONIA PALANTELEN',6643,1,'0000-00-00 00:00:00','0000-00-00 00:00:00'),
 (440,'COLONIA PHILLIPSON N 1',8185,1,'0000-00-00 00:00:00','0000-00-00 00:00:00'),
 (441,'COLONIA PUEBLO RUSO',8144,1,'0000-00-00 00:00:00','0000-00-00 00:00:00'),
 (442,'COLONIA RUSA',7318,1,'0000-00-00 00:00:00','0000-00-00 00:00:00'),
 (443,'COLONIA SAN EDUARDO',6646,1,'0000-00-00 00:00:00','0000-00-00 00:00:00'),
 (444,'COLONIA SAN ENRIQUE',8132,1,'0000-00-00 00:00:00','0000-00-00 00:00:00'),
 (445,'COLONIA SAN FRANCISCO',6017,1,'0000-00-00 00:00:00','0000-00-00 00:00:00'),
 (446,'COLONIA SAN FRANCISCO',8142,1,'0000-00-00 00:00:00','0000-00-00 00:00:00'),
 (447,'COLONIA SAN MARTIN',8164,1,'0000-00-00 00:00:00','0000-00-00 00:00:00'),
 (448,'COLONIA SAN MIGUEL',7403,1,'0000-00-00 00:00:00','0000-00-00 00:00:00'),
 (449,'COLONIA SAN PEDRO',8164,1,'0000-00-00 00:00:00','0000-00-00 00:00:00'),
 (450,'COLONIA SAN RAMON',6437,1,'0000-00-00 00:00:00','0000-00-00 00:00:00'),
 (451,'COLONIA SANTA MARIA',6535,1,'0000-00-00 00:00:00','0000-00-00 00:00:00'),
 (452,'COLONIA SANTA MARIANA',8185,1,'0000-00-00 00:00:00','0000-00-00 00:00:00'),
 (453,'COLONIA SANTA ROSA',1816,1,'0000-00-00 00:00:00','0000-00-00 00:00:00'),
 (454,'COLONIA SANTA ROSA',8181,1,'0000-00-00 00:00:00','0000-00-00 00:00:00'),
 (455,'COLONIA SERE',6459,1,'0000-00-00 00:00:00','0000-00-00 00:00:00'),
 (456,'COLONIA STEGMAN',2751,1,'0000-00-00 00:00:00','0000-00-00 00:00:00'),
 (457,'COLONIA TAPATTA',8142,1,'0000-00-00 00:00:00','0000-00-00 00:00:00'),
 (458,'COLONIA VELEZ',2933,1,'0000-00-00 00:00:00','0000-00-00 00:00:00'),
 (459,'COLONIA ZAMBUNGO',6628,1,'0000-00-00 00:00:00','0000-00-00 00:00:00'),
 (460,'COMAHUE OESTE',6601,1,'0000-00-00 00:00:00','0000-00-00 00:00:00'),
 (461,'COMANDANTE GIRIBONE',7135,1,'0000-00-00 00:00:00','0000-00-00 00:00:00'),
 (462,'COMANDANTE NICANOR OTAMENDI',7603,1,'0000-00-00 00:00:00','0000-00-00 00:00:00'),
 (463,'COMODORO PY',6641,1,'0000-00-00 00:00:00','0000-00-00 00:00:00'),
 (464,'CONDARCO',6233,1,'0000-00-00 00:00:00','0000-00-00 00:00:00'),
 (465,'COOPER',7639,1,'0000-00-00 00:00:00','0000-00-00 00:00:00'),
 (466,'COPETONAS',7511,1,'0000-00-00 00:00:00','0000-00-00 00:00:00'),
 (467,'CORACEROS',6465,1,'0000-00-00 00:00:00','0000-00-00 00:00:00'),
 (468,'CORAZZI',6405,1,'0000-00-00 00:00:00','0000-00-00 00:00:00'),
 (469,'CORBETT',6507,1,'0000-00-00 00:00:00','0000-00-00 00:00:00'),
 (470,'CORONEL BOERR',7208,1,'0000-00-00 00:00:00','0000-00-00 00:00:00'),
 (471,'CORONEL BRANDSEN',1980,1,'0000-00-00 00:00:00','0000-00-00 00:00:00'),
 (472,'CORONEL CHARLONE',6223,1,'0000-00-00 00:00:00','0000-00-00 00:00:00'),
 (473,'CORONEL DORREGO',8150,1,'0000-00-00 00:00:00','0000-00-00 00:00:00'),
 (474,'CORONEL FALCON',8118,1,'0000-00-00 00:00:00','0000-00-00 00:00:00'),
 (475,'CORONEL GRANADA',6062,1,'0000-00-00 00:00:00','0000-00-00 00:00:00'),
 (476,'CORONEL ISLE',2747,1,'0000-00-00 00:00:00','0000-00-00 00:00:00'),
 (477,'CORONEL MARCELINO FREYRE',6555,1,'0000-00-00 00:00:00','0000-00-00 00:00:00'),
 (478,'CORONEL MON',6628,1,'0000-00-00 00:00:00','0000-00-00 00:00:00'),
 (479,'CORONEL PRINGLES',7530,1,'0000-00-00 00:00:00','0000-00-00 00:00:00'),
 (480,'CORONEL RODOLFO BUNGE',7313,1,'0000-00-00 00:00:00','0000-00-00 00:00:00'),
 (481,'CORONEL SEGUI',6628,1,'0000-00-00 00:00:00','0000-00-00 00:00:00'),
 (482,'CORONEL SUAREZ',7540,1,'0000-00-00 00:00:00','0000-00-00 00:00:00'),
 (483,'CORONEL VIDAL',7174,1,'0000-00-00 00:00:00','0000-00-00 00:00:00'),
 (484,'CORTI',8118,1,'0000-00-00 00:00:00','0000-00-00 00:00:00'),
 (485,'CORTINES',6712,1,'0000-00-00 00:00:00','0000-00-00 00:00:00'),
 (486,'COSTA AZUL',7112,1,'0000-00-00 00:00:00','0000-00-00 00:00:00'),
 (487,'COSTA BONITA BALNEARIO',7631,1,'0000-00-00 00:00:00','0000-00-00 00:00:00'),
 (488,'COSTA BRAVA',2914,1,'0000-00-00 00:00:00','0000-00-00 00:00:00'),
 (489,'COSTA DEL ESTE',7108,1,'0000-00-00 00:00:00','0000-00-00 00:00:00'),
 (490,'COVELLO',7305,1,'0000-00-00 00:00:00','0000-00-00 00:00:00'),
 (491,'CRISTIANO MUERTO',7503,1,'0000-00-00 00:00:00','0000-00-00 00:00:00'),
 (492,'CRISTINO BENAVIDEZ',1913,1,'0000-00-00 00:00:00','0000-00-00 00:00:00'),
 (493,'CROTTO',7307,1,'0000-00-00 00:00:00','0000-00-00 00:00:00'),
 (494,'CRUCESITA',1870,1,'0000-00-00 00:00:00','0000-00-00 00:00:00'),
 (495,'CUARTEL 2',1987,1,'0000-00-00 00:00:00','0000-00-00 00:00:00'),
 (496,'CUARTEL 6',7136,1,'0000-00-00 00:00:00','0000-00-00 00:00:00'),
 (497,'CUARTEL 8',7135,1,'0000-00-00 00:00:00','0000-00-00 00:00:00'),
 (498,'CUARTEL CUATRO',6700,1,'0000-00-00 00:00:00','0000-00-00 00:00:00'),
 (499,'CUARTEL II',7300,1,'0000-00-00 00:00:00','0000-00-00 00:00:00'),
 (500,'CUARTEL IV',6032,1,'0000-00-00 00:00:00','0000-00-00 00:00:00'),
 (501,'CUARTEL IV',7110,1,'0000-00-00 00:00:00','0000-00-00 00:00:00'),
 (502,'CUARTEL V',1744,1,'0000-00-00 00:00:00','0000-00-00 00:00:00'),
 (503,'CUARTEL V',6000,1,'0000-00-00 00:00:00','0000-00-00 00:00:00'),
 (504,'CUARTEL VII',6050,1,'0000-00-00 00:00:00','0000-00-00 00:00:00'),
 (505,'CUCHA CUCHA',6746,1,'0000-00-00 00:00:00','0000-00-00 00:00:00'),
 (506,'CUCULLU',6723,1,'0000-00-00 00:00:00','0000-00-00 00:00:00'),
 (507,'CUENCA',6231,1,'0000-00-00 00:00:00','0000-00-00 00:00:00'),
 (508,'CURA MALAL',7548,1,'0000-00-00 00:00:00','0000-00-00 00:00:00'),
 (509,'CURARU',6451,1,'0000-00-00 00:00:00','0000-00-00 00:00:00'),
 (510,'D ORBIGNY',7541,1,'0000-00-00 00:00:00','0000-00-00 00:00:00'),
 (511,'DAIREAUX',6555,1,'0000-00-00 00:00:00','0000-00-00 00:00:00'),
 (512,'DANTAS',1987,1,'0000-00-00 00:00:00','0000-00-00 00:00:00'),
 (513,'DARREGUEIRA',8183,1,'0000-00-00 00:00:00','0000-00-00 00:00:00'),
 (514,'DE BARY',6348,1,'0000-00-00 00:00:00','0000-00-00 00:00:00'),
 (515,'DE BRUYN',6031,1,'0000-00-00 00:00:00','0000-00-00 00:00:00'),
 (516,'DE LA CANAL',7013,1,'0000-00-00 00:00:00','0000-00-00 00:00:00'),
 (517,'DE LA GARMA',7515,1,'0000-00-00 00:00:00','0000-00-00 00:00:00'),
 (518,'DEFERRARI',7521,1,'0000-00-00 00:00:00','0000-00-00 00:00:00'),
 (519,'DEL CARRIL',7265,1,'0000-00-00 00:00:00','0000-00-00 00:00:00'),
 (520,'DEL VALLE',6509,1,'0000-00-00 00:00:00','0000-00-00 00:00:00'),
 (521,'DEL VISO',1669,1,'0000-00-00 00:00:00','0000-00-00 00:00:00'),
 (522,'DELFIN HUERGO',8185,1,'0000-00-00 00:00:00','0000-00-00 00:00:00'),
 (523,'DELGADO',6007,1,'0000-00-00 00:00:00','0000-00-00 00:00:00'),
 (524,'DENNEHY',6516,1,'0000-00-00 00:00:00','0000-00-00 00:00:00'),
 (525,'DESPE',7531,1,'0000-00-00 00:00:00','0000-00-00 00:00:00'),
 (526,'DESTILERIA FISCAL',1925,1,'0000-00-00 00:00:00','0000-00-00 00:00:00'),
 (527,'DESVIO AGUIRRE',7000,1,'0000-00-00 00:00:00','0000-00-00 00:00:00'),
 (528,'DESVIO EL CHINGOLO',6031,1,'0000-00-00 00:00:00','0000-00-00 00:00:00'),
 (529,'DESVIO GARBARINI',6509,1,'0000-00-00 00:00:00','0000-00-00 00:00:00'),
 (530,'DESVIO KILOMETRO 234',6503,1,'0000-00-00 00:00:00','0000-00-00 00:00:00'),
 (531,'DESVIO KILOMETRO 55',1981,1,'0000-00-00 00:00:00','0000-00-00 00:00:00'),
 (532,'DESVIO KILOMETRO 95',6007,1,'0000-00-00 00:00:00','0000-00-00 00:00:00'),
 (533,'DESVIO SAN ALEJO',8180,1,'0000-00-00 00:00:00','0000-00-00 00:00:00'),
 (534,'DESVIO SANDRINI',8109,1,'0000-00-00 00:00:00','0000-00-00 00:00:00'),
 (535,'DIEGO GAYNOR',2812,1,'0000-00-00 00:00:00','0000-00-00 00:00:00'),
 (536,'DIONISIA',7603,1,'0000-00-00 00:00:00','0000-00-00 00:00:00'),
 (537,'DIQUE LUJAN',1623,1,'0000-00-00 00:00:00','0000-00-00 00:00:00'),
 (538,'DOCK CENTRAL',1925,1,'0000-00-00 00:00:00','0000-00-00 00:00:00'),
 (539,'DOCK SUD',1871,1,'0000-00-00 00:00:00','0000-00-00 00:00:00'),
 (540,'DOCTOR DOMINGO CABRED',6708,1,'0000-00-00 00:00:00','0000-00-00 00:00:00'),
 (541,'DOCTOR DOMINGO HAROSTEGUY',7212,1,'0000-00-00 00:00:00','0000-00-00 00:00:00'),
 (542,'DOLORES',7100,1,'0000-00-00 00:00:00','0000-00-00 00:00:00'),
 (543,'DOMSELAAR',1984,1,'0000-00-00 00:00:00','0000-00-00 00:00:00'),
 (544,'DON BOSCO',1876,1,'0000-00-00 00:00:00','0000-00-00 00:00:00'),
 (545,'DON CIPRIANO',7135,1,'0000-00-00 00:00:00','0000-00-00 00:00:00'),
 (546,'DON TORCUATO',1611,1,'0000-00-00 00:00:00','0000-00-00 00:00:00'),
 (547,'DON VICENTE',7116,1,'0000-00-00 00:00:00','0000-00-00 00:00:00'),
 (548,'DOS HERMANOS',6042,1,'0000-00-00 00:00:00','0000-00-00 00:00:00'),
 (549,'DOS NACIONES',7007,1,'0000-00-00 00:00:00','0000-00-00 00:00:00'),
 (550,'DOYHENARD',1980,1,'0000-00-00 00:00:00','0000-00-00 00:00:00'),
 (551,'DOYLE',2935,1,'0000-00-00 00:00:00','0000-00-00 00:00:00'),
 (552,'DRABBLE',6242,1,'0000-00-00 00:00:00','0000-00-00 00:00:00'),
 (553,'DRYSDALE',6455,1,'0000-00-00 00:00:00','0000-00-00 00:00:00'),
 (554,'DUCOS',8170,1,'0000-00-00 00:00:00','0000-00-00 00:00:00'),
 (555,'DUDIGNAC',6505,1,'0000-00-00 00:00:00','0000-00-00 00:00:00'),
 (556,'DUFAUR',8164,1,'0000-00-00 00:00:00','0000-00-00 00:00:00'),
 (557,'DUGGAN',2764,1,'0000-00-00 00:00:00','0000-00-00 00:00:00'),
 (558,'DUHAU',6405,1,'0000-00-00 00:00:00','0000-00-00 00:00:00'),
 (559,'DURA',7401,1,'0000-00-00 00:00:00','0000-00-00 00:00:00'),
 (560,'DUSSAUD',6050,1,'0000-00-00 00:00:00','0000-00-00 00:00:00'),
 (561,'EDMUNDO PERKINS',6030,1,'0000-00-00 00:00:00','0000-00-00 00:00:00'),
 (562,'EDUARDO COSTA',6064,1,'0000-00-00 00:00:00','0000-00-00 00:00:00'),
 (563,'EGA',7013,1,'0000-00-00 00:00:00','0000-00-00 00:00:00'),
 (564,'EL 60',7100,1,'0000-00-00 00:00:00','0000-00-00 00:00:00'),
 (565,'EL ALBA',7225,1,'0000-00-00 00:00:00','0000-00-00 00:00:00'),
 (566,'EL ARAZA',7249,1,'0000-00-00 00:00:00','0000-00-00 00:00:00'),
 (567,'EL ARBOLITO',2721,1,'0000-00-00 00:00:00','0000-00-00 00:00:00'),
 (568,'EL BAGUAL',8504,1,'0000-00-00 00:00:00','0000-00-00 00:00:00'),
 (569,'EL BOMBERO',7507,1,'0000-00-00 00:00:00','0000-00-00 00:00:00'),
 (570,'EL BOQUERON',7150,1,'0000-00-00 00:00:00','0000-00-00 00:00:00'),
 (571,'EL BOQUERON',7601,1,'0000-00-00 00:00:00','0000-00-00 00:00:00'),
 (572,'EL CAMOATI',6537,1,'0000-00-00 00:00:00','0000-00-00 00:00:00'),
 (573,'EL CARBON',7135,1,'0000-00-00 00:00:00','0000-00-00 00:00:00'),
 (574,'EL CARMEN',2754,1,'0000-00-00 00:00:00','0000-00-00 00:00:00'),
 (575,'EL CARMEN DE LANGUEYU',7203,1,'0000-00-00 00:00:00','0000-00-00 00:00:00'),
 (576,'EL CARPINCHO',6537,1,'0000-00-00 00:00:00','0000-00-00 00:00:00'),
 (577,'EL CARRETERO',7500,1,'0000-00-00 00:00:00','0000-00-00 00:00:00'),
 (578,'EL CENTINELA',7607,1,'0000-00-00 00:00:00','0000-00-00 00:00:00'),
 (579,'EL CHAJA',7163,1,'0000-00-00 00:00:00','0000-00-00 00:00:00'),
 (580,'EL CHALAR',7201,1,'0000-00-00 00:00:00','0000-00-00 00:00:00'),
 (581,'EL CHEIQUE',7007,1,'0000-00-00 00:00:00','0000-00-00 00:00:00'),
 (582,'EL CHELFORO',7530,1,'0000-00-00 00:00:00','0000-00-00 00:00:00'),
 (583,'EL CHUMBIAO',7263,1,'0000-00-00 00:00:00','0000-00-00 00:00:00'),
 (584,'EL CORTAPIE',8117,1,'0000-00-00 00:00:00','0000-00-00 00:00:00'),
 (585,'EL CRISTIANO',7503,1,'0000-00-00 00:00:00','0000-00-00 00:00:00'),
 (586,'EL CRUCE',7620,1,'0000-00-00 00:00:00','0000-00-00 00:00:00'),
 (587,'EL DESCANSO',2935,1,'0000-00-00 00:00:00','0000-00-00 00:00:00'),
 (588,'EL DESTINO',7116,1,'0000-00-00 00:00:00','0000-00-00 00:00:00'),
 (589,'EL DIA',6241,1,'0000-00-00 00:00:00','0000-00-00 00:00:00'),
 (590,'EL DIVISORIO',7531,1,'0000-00-00 00:00:00','0000-00-00 00:00:00'),
 (591,'EL DORADO',6031,1,'0000-00-00 00:00:00','0000-00-00 00:00:00'),
 (592,'EL DURAZNO',1735,1,'0000-00-00 00:00:00','0000-00-00 00:00:00'),
 (593,'EL ESPINILLO',2946,1,'0000-00-00 00:00:00','0000-00-00 00:00:00'),
 (594,'EL EUCALIPTUS',7130,1,'0000-00-00 00:00:00','0000-00-00 00:00:00'),
 (595,'EL FENIX',2804,1,'0000-00-00 00:00:00','0000-00-00 00:00:00'),
 (596,'EL GALLO',7000,1,'0000-00-00 00:00:00','0000-00-00 00:00:00'),
 (597,'EL GUALICHO',7200,1,'0000-00-00 00:00:00','0000-00-00 00:00:00'),
 (598,'EL HERVIDERO',7007,1,'0000-00-00 00:00:00','0000-00-00 00:00:00'),
 (599,'EL JABALI',6531,1,'0000-00-00 00:00:00','0000-00-00 00:00:00'),
 (600,'EL JAGUEL',1842,1,'0000-00-00 00:00:00','0000-00-00 00:00:00'),
 (601,'EL JAGUEL',2707,1,'0000-00-00 00:00:00','0000-00-00 00:00:00'),
 (602,'EL JUNCO',7620,1,'0000-00-00 00:00:00','0000-00-00 00:00:00'),
 (603,'EL JUPITER',2916,1,'0000-00-00 00:00:00','0000-00-00 00:00:00'),
 (604,'EL LENGUARAZ',7635,1,'0000-00-00 00:00:00','0000-00-00 00:00:00'),
 (605,'EL LIBERTADOR',1657,1,'0000-00-00 00:00:00','0000-00-00 00:00:00'),
 (606,'EL LUCERO',7513,1,'0000-00-00 00:00:00','0000-00-00 00:00:00'),
 (607,'EL LUCHADOR',7313,1,'0000-00-00 00:00:00','0000-00-00 00:00:00'),
 (608,'EL MANGRULLO',7260,1,'0000-00-00 00:00:00','0000-00-00 00:00:00'),
 (609,'EL MARQUESADO',7607,1,'0000-00-00 00:00:00','0000-00-00 00:00:00'),
 (610,'EL MIRADOR',7305,1,'0000-00-00 00:00:00','0000-00-00 00:00:00'),
 (611,'EL MORO',7623,1,'0000-00-00 00:00:00','0000-00-00 00:00:00'),
 (612,'EL NACIONAL',2740,1,'0000-00-00 00:00:00','0000-00-00 00:00:00'),
 (613,'EL NILO',6437,1,'0000-00-00 00:00:00','0000-00-00 00:00:00'),
 (614,'EL PALOMAR',1684,1,'0000-00-00 00:00:00','0000-00-00 00:00:00'),
 (615,'EL PAMPERO',1865,1,'0000-00-00 00:00:00','0000-00-00 00:00:00'),
 (616,'EL PARAISO',2916,1,'0000-00-00 00:00:00','0000-00-00 00:00:00'),
 (617,'EL PARAISO',8144,1,'0000-00-00 00:00:00','0000-00-00 00:00:00'),
 (618,'EL PARCHE',7263,1,'0000-00-00 00:00:00','0000-00-00 00:00:00'),
 (619,'EL PARQUE',6341,1,'0000-00-00 00:00:00','0000-00-00 00:00:00'),
 (620,'EL PELADO',2720,1,'0000-00-00 00:00:00','0000-00-00 00:00:00'),
 (621,'EL PENSAMIENTO',7531,1,'0000-00-00 00:00:00','0000-00-00 00:00:00'),
 (622,'EL PEREGRINO',6053,1,'0000-00-00 00:00:00','0000-00-00 00:00:00'),
 (623,'EL PINO',1907,1,'0000-00-00 00:00:00','0000-00-00 00:00:00'),
 (624,'EL PITO',7607,1,'0000-00-00 00:00:00','0000-00-00 00:00:00'),
 (625,'EL PITO',7641,1,'0000-00-00 00:00:00','0000-00-00 00:00:00'),
 (626,'EL PORVENIR',6550,1,'0000-00-00 00:00:00','0000-00-00 00:00:00'),
 (627,'EL QUEMADO',2751,1,'0000-00-00 00:00:00','0000-00-00 00:00:00'),
 (628,'EL RECADO',6474,1,'0000-00-00 00:00:00','0000-00-00 00:00:00'),
 (629,'EL REFUGIO',7612,1,'0000-00-00 00:00:00','0000-00-00 00:00:00'),
 (630,'EL RETIRO',2741,1,'0000-00-00 00:00:00','0000-00-00 00:00:00'),
 (631,'EL RETIRO',6017,1,'0000-00-00 00:00:00','0000-00-00 00:00:00'),
 (632,'EL RINCON',7130,1,'0000-00-00 00:00:00','0000-00-00 00:00:00'),
 (633,'EL RINCON',8146,1,'0000-00-00 00:00:00','0000-00-00 00:00:00'),
 (634,'EL ROSARIO',1921,1,'0000-00-00 00:00:00','0000-00-00 00:00:00'),
 (635,'EL SANTIAGO',6463,1,'0000-00-00 00:00:00','0000-00-00 00:00:00'),
 (636,'EL SAUCE',7303,1,'0000-00-00 00:00:00','0000-00-00 00:00:00'),
 (637,'EL SIASGO',7223,1,'0000-00-00 00:00:00','0000-00-00 00:00:00'),
 (638,'EL SILENCIO',2752,1,'0000-00-00 00:00:00','0000-00-00 00:00:00'),
 (639,'EL SOCORRO',2715,1,'0000-00-00 00:00:00','0000-00-00 00:00:00'),
 (640,'EL SOLDADO',7600,1,'0000-00-00 00:00:00','0000-00-00 00:00:00'),
 (641,'EL TALAR',1617,1,'0000-00-00 00:00:00','0000-00-00 00:00:00'),
 (642,'EL TATU',2801,1,'0000-00-00 00:00:00','0000-00-00 00:00:00'),
 (643,'EL TEJAR',6515,1,'0000-00-00 00:00:00','0000-00-00 00:00:00'),
 (644,'EL TREBA',6437,1,'0000-00-00 00:00:00','0000-00-00 00:00:00'),
 (645,'EL TRIANGULO',7500,1,'0000-00-00 00:00:00','0000-00-00 00:00:00'),
 (646,'EL TRIGO',7207,1,'0000-00-00 00:00:00','0000-00-00 00:00:00'),
 (647,'EL TRIO',6467,1,'0000-00-00 00:00:00','0000-00-00 00:00:00'),
 (648,'EL TRIUNFO',6073,1,'0000-00-00 00:00:00','0000-00-00 00:00:00'),
 (649,'EL VENCE',7116,1,'0000-00-00 00:00:00','0000-00-00 00:00:00'),
 (650,'EL VERANO',7620,1,'0000-00-00 00:00:00','0000-00-00 00:00:00'),
 (651,'EL VIGILANTE',7174,1,'0000-00-00 00:00:00','0000-00-00 00:00:00'),
 (652,'EL VOLANTE',7620,1,'0000-00-00 00:00:00','0000-00-00 00:00:00'),
 (653,'EL ZORRO',8151,1,'0000-00-00 00:00:00','0000-00-00 00:00:00'),
 (654,'ELIAS ROMERO',1727,1,'0000-00-00 00:00:00','0000-00-00 00:00:00'),
 (655,'ELORDI',6242,1,'0000-00-00 00:00:00','0000-00-00 00:00:00'),
 (656,'ELVIRA',7243,1,'0000-00-00 00:00:00','0000-00-00 00:00:00'),
 (657,'EMILIANO REYNOSO',7260,1,'0000-00-00 00:00:00','0000-00-00 00:00:00'),
 (658,'EMILIO AYERZA',6628,1,'0000-00-00 00:00:00','0000-00-00 00:00:00'),
 (659,'EMILIO BUNGE',6241,1,'0000-00-00 00:00:00','0000-00-00 00:00:00'),
 (660,'EMILIO LAMARCA',8505,1,'0000-00-00 00:00:00','0000-00-00 00:00:00'),
 (661,'EMITA',6634,1,'0000-00-00 00:00:00','0000-00-00 00:00:00'),
 (662,'EMMA',7263,1,'0000-00-00 00:00:00','0000-00-00 00:00:00'),
 (663,'EMPALME',1633,1,'0000-00-00 00:00:00','0000-00-00 00:00:00'),
 (664,'EMPALME CERRO CHATO',7000,1,'0000-00-00 00:00:00','0000-00-00 00:00:00'),
 (665,'EMPALME LOBOS',7249,1,'0000-00-00 00:00:00','0000-00-00 00:00:00'),
 (666,'EMPALME MAGDALENA',1913,1,'0000-00-00 00:00:00','0000-00-00 00:00:00'),
 (667,'EMPALME PIEDRA ECHADA',8117,1,'0000-00-00 00:00:00','0000-00-00 00:00:00'),
 (668,'EMPALME QUERANDIES',7401,1,'0000-00-00 00:00:00','0000-00-00 00:00:00'),
 (669,'ENCINA',6077,1,'0000-00-00 00:00:00','0000-00-00 00:00:00'),
 (670,'ENERGIA',7641,1,'0000-00-00 00:00:00','0000-00-00 00:00:00'),
 (671,'ENRIQUE FYNN',1741,1,'0000-00-00 00:00:00','0000-00-00 00:00:00'),
 (672,'ENRIQUE LAVALLE',6467,1,'0000-00-00 00:00:00','0000-00-00 00:00:00'),
 (673,'ENSENADA',1925,1,'0000-00-00 00:00:00','0000-00-00 00:00:00'),
 (674,'EPUMER',6443,1,'0000-00-00 00:00:00','0000-00-00 00:00:00'),
 (675,'EREZCANO',2903,1,'0000-00-00 00:00:00','0000-00-00 00:00:00'),
 (676,'ERIZE',8181,1,'0000-00-00 00:00:00','0000-00-00 00:00:00'),
 (677,'ERNESTINA',6665,1,'0000-00-00 00:00:00','0000-00-00 00:00:00'),
 (678,'ESC NAV MILITAR RIO SANT',1927,1,'0000-00-00 00:00:00','0000-00-00 00:00:00'),
 (679,'ESCALADA',2801,1,'0000-00-00 00:00:00','0000-00-00 00:00:00'),
 (680,'ESCRIBANO P NICOLAS',7135,1,'0000-00-00 00:00:00','0000-00-00 00:00:00'),
 (681,'ESCUELA AGRICOLA DON BOSCO',1815,1,'0000-00-00 00:00:00','0000-00-00 00:00:00'),
 (682,'ESCUELA AGRICOLA RURAL',7174,1,'0000-00-00 00:00:00','0000-00-00 00:00:00'),
 (683,'ESCUELA AGRICOLA SALESIANA',6003,1,'0000-00-00 00:00:00','0000-00-00 00:00:00'),
 (684,'ESCUELA AGRICOLA SALESIANA',6509,1,'0000-00-00 00:00:00','0000-00-00 00:00:00'),
 (685,'ESPADA',7163,1,'0000-00-00 00:00:00','0000-00-00 00:00:00'),
 (686,'ESPARTILLAR',1987,1,'0000-00-00 00:00:00','0000-00-00 00:00:00'),
 (687,'ESPARTILLAR',7135,1,'0000-00-00 00:00:00','0000-00-00 00:00:00'),
 (688,'ESPARTILLAR',8171,1,'0000-00-00 00:00:00','0000-00-00 00:00:00'),
 (689,'ESPIGAS',6561,1,'0000-00-00 00:00:00','0000-00-00 00:00:00'),
 (690,'ESPORA',6601,1,'0000-00-00 00:00:00','0000-00-00 00:00:00'),
 (691,'ESPORA',8107,1,'0000-00-00 00:00:00','0000-00-00 00:00:00'),
 (692,'ESQUINA DE CROTTO',7100,1,'0000-00-00 00:00:00','0000-00-00 00:00:00'),
 (693,'EST JAUREGUI VA FLANDRIA',6706,1,'0000-00-00 00:00:00','0000-00-00 00:00:00'),
 (694,'EST SAN FRANCISCO BELLOQ',7505,1,'0000-00-00 00:00:00','0000-00-00 00:00:00'),
 (695,'ESTABLECIMIENTO SAN MIGUEL',1629,1,'0000-00-00 00:00:00','0000-00-00 00:00:00'),
 (696,'ESTACION ASCENSION',6003,1,'0000-00-00 00:00:00','0000-00-00 00:00:00'),
 (697,'ESTACION BARADERO',2942,1,'0000-00-00 00:00:00','0000-00-00 00:00:00'),
 (698,'ESTACION BARROW',7500,1,'0000-00-00 00:00:00','0000-00-00 00:00:00'),
 (699,'ESTACION CAIOMUTA',6339,1,'0000-00-00 00:00:00','0000-00-00 00:00:00'),
 (700,'ESTACION CORONEL PRINGLES',7536,1,'0000-00-00 00:00:00','0000-00-00 00:00:00'),
 (701,'ESTACION GENERAL ARENALES',6005,1,'0000-00-00 00:00:00','0000-00-00 00:00:00'),
 (702,'ESTACION GOMEZ',1903,1,'0000-00-00 00:00:00','0000-00-00 00:00:00'),
 (703,'ESTACION LAGO EPECUEN',6431,1,'0000-00-00 00:00:00','0000-00-00 00:00:00'),
 (704,'ESTACION LAZZARINO',7300,1,'0000-00-00 00:00:00','0000-00-00 00:00:00'),
 (705,'ESTACION LINCOLN',6070,1,'0000-00-00 00:00:00','0000-00-00 00:00:00'),
 (706,'ESTACION MORENO',1901,1,'0000-00-00 00:00:00','0000-00-00 00:00:00'),
 (707,'ESTACION PROVINCIAL',6501,1,'0000-00-00 00:00:00','0000-00-00 00:00:00'),
 (708,'ESTANCIA CHAPAR',7020,1,'0000-00-00 00:00:00','0000-00-00 00:00:00'),
 (709,'ESTANCIA LAS GAMAS',2723,1,'0000-00-00 00:00:00','0000-00-00 00:00:00'),
 (710,'ESTANCIA LAS ISLETAS',8148,1,'0000-00-00 00:00:00','0000-00-00 00:00:00'),
 (711,'ESTANCIA MITIKILI',6075,1,'0000-00-00 00:00:00','0000-00-00 00:00:00'),
 (712,'ESTANCIA SAN ANTONIO',6075,1,'0000-00-00 00:00:00','0000-00-00 00:00:00'),
 (713,'ESTANCIA SAN CLAUDIO',6537,1,'0000-00-00 00:00:00','0000-00-00 00:00:00'),
 (714,'ESTANCIA SAN RAFAEL',7130,1,'0000-00-00 00:00:00','0000-00-00 00:00:00'),
 (715,'ESTANCIA SANTA CATALINA',2761,1,'0000-00-00 00:00:00','0000-00-00 00:00:00'),
 (716,'ESTANCIA VIEJA',7225,1,'0000-00-00 00:00:00','0000-00-00 00:00:00'),
 (717,'ESTANCIAS',2909,1,'0000-00-00 00:00:00','0000-00-00 00:00:00'),
 (718,'ESTEBAN A GASCON',8185,1,'0000-00-00 00:00:00','0000-00-00 00:00:00'),
 (719,'ESTEBAN DE LUCA',6475,1,'0000-00-00 00:00:00','0000-00-00 00:00:00'),
 (720,'ESTEBAN DIAZ',6607,1,'0000-00-00 00:00:00','0000-00-00 00:00:00'),
 (721,'ESTELA',8127,1,'0000-00-00 00:00:00','0000-00-00 00:00:00'),
 (722,'ESTHER',7260,1,'0000-00-00 00:00:00','0000-00-00 00:00:00'),
 (723,'ESTOMBA',8118,1,'0000-00-00 00:00:00','0000-00-00 00:00:00'),
 (724,'ESTRELLA NACIENTE',6725,1,'0000-00-00 00:00:00','0000-00-00 00:00:00'),
 (725,'ESTRUGAMOU',7207,1,'0000-00-00 00:00:00','0000-00-00 00:00:00'),
 (726,'ETCHEGOYEN',6703,1,'0000-00-00 00:00:00','0000-00-00 00:00:00'),
 (727,'EXALTACION DE LA CRUZ',2812,1,'0000-00-00 00:00:00','0000-00-00 00:00:00'),
 (728,'EZEIZA',1804,1,'0000-00-00 00:00:00','0000-00-00 00:00:00'),
 (729,'EZPELETA ESTE',1882,1,'0000-00-00 00:00:00','0000-00-00 00:00:00'),
 (730,'EZPELETA OESTE',1882,1,'0000-00-00 00:00:00','0000-00-00 00:00:00'),
 (731,'FAIR',7153,1,'0000-00-00 00:00:00','0000-00-00 00:00:00'),
 (732,'FARO',8150,1,'0000-00-00 00:00:00','0000-00-00 00:00:00'),
 (733,'FARO QUERANDI',7165,1,'0000-00-00 00:00:00','0000-00-00 00:00:00'),
 (734,'FARO SAN ANTONIO',7103,1,'0000-00-00 00:00:00','0000-00-00 00:00:00'),
 (735,'FARO SEGUNDA BARRANCOSA',8504,1,'0000-00-00 00:00:00','0000-00-00 00:00:00'),
 (736,'FATIMA ESTACION EMPALME',1633,1,'0000-00-00 00:00:00','0000-00-00 00:00:00'),
 (737,'FATRALO',6430,1,'0000-00-00 00:00:00','0000-00-00 00:00:00'),
 (738,'FAUZON',6500,1,'0000-00-00 00:00:00','0000-00-00 00:00:00'),
 (739,'FELIPE SOLA',8129,1,'0000-00-00 00:00:00','0000-00-00 00:00:00'),
 (740,'FERNANDO MARTI',6223,1,'0000-00-00 00:00:00','0000-00-00 00:00:00'),
 (741,'FERRE',6003,1,'0000-00-00 00:00:00','0000-00-00 00:00:00'),
 (742,'FLAMENCO',2763,1,'0000-00-00 00:00:00','0000-00-00 00:00:00'),
 (743,'FLORENCIO VARELA',1888,1,'0000-00-00 00:00:00','0000-00-00 00:00:00'),
 (744,'FLORENTINO AMEGHINO',6064,1,'0000-00-00 00:00:00','0000-00-00 00:00:00'),
 (745,'FLORIDA',1602,1,'0000-00-00 00:00:00','0000-00-00 00:00:00'),
 (746,'FLORIDA OESTE',1602,1,'0000-00-00 00:00:00','0000-00-00 00:00:00'),
 (747,'FONTEZUELA',2700,1,'0000-00-00 00:00:00','0000-00-00 00:00:00'),
 (748,'FORTIN ACHA',6031,1,'0000-00-00 00:00:00','0000-00-00 00:00:00'),
 (749,'FORTIN CHACO',8160,1,'0000-00-00 00:00:00','0000-00-00 00:00:00'),
 (750,'FORTIN IRENE',7316,1,'0000-00-00 00:00:00','0000-00-00 00:00:00'),
 (751,'FORTIN LAVALLE',7404,1,'0000-00-00 00:00:00','0000-00-00 00:00:00'),
 (752,'FORTIN MERCEDES',8148,1,'0000-00-00 00:00:00','0000-00-00 00:00:00'),
 (753,'FORTIN NECOCHEA',7406,1,'0000-00-00 00:00:00','0000-00-00 00:00:00'),
 (754,'FORTIN OLAVARRIA',6403,1,'0000-00-00 00:00:00','0000-00-00 00:00:00'),
 (755,'FORTIN PAUNERO',6417,1,'0000-00-00 00:00:00','0000-00-00 00:00:00'),
 (756,'FORTIN TIBURCIO',6001,1,'0000-00-00 00:00:00','0000-00-00 00:00:00'),
 (757,'FORTIN VIEJO',8148,1,'0000-00-00 00:00:00','0000-00-00 00:00:00'),
 (758,'FORTIN VIGILANCIA',6073,1,'0000-00-00 00:00:00','0000-00-00 00:00:00'),
 (759,'FRANCISCO ALVAREZ',1746,1,'0000-00-00 00:00:00','0000-00-00 00:00:00'),
 (760,'FRANCISCO AYERZA',2700,1,'0000-00-00 00:00:00','0000-00-00 00:00:00'),
 (761,'FRANCISCO BERRA',7221,1,'0000-00-00 00:00:00','0000-00-00 00:00:00'),
 (762,'FRANCISCO CASAL',1808,1,'0000-00-00 00:00:00','0000-00-00 00:00:00'),
 (763,'FRANCISCO CASAL',6230,1,'0000-00-00 00:00:00','0000-00-00 00:00:00'),
 (764,'FRANCISCO DE VITORIA',6403,1,'0000-00-00 00:00:00','0000-00-00 00:00:00'),
 (765,'FRANCISCO J MEEKS',7301,1,'0000-00-00 00:00:00','0000-00-00 00:00:00'),
 (766,'FRANCISCO MADERO',6472,1,'0000-00-00 00:00:00','0000-00-00 00:00:00'),
 (767,'FRANCISCO MAGNANO',6475,1,'0000-00-00 00:00:00','0000-00-00 00:00:00'),
 (768,'FRANCISCO MURATURE',6341,1,'0000-00-00 00:00:00','0000-00-00 00:00:00'),
 (769,'FRANKLIN',6614,1,'0000-00-00 00:00:00','0000-00-00 00:00:00'),
 (770,'FRENCH',6516,1,'0000-00-00 00:00:00','0000-00-00 00:00:00'),
 (771,'FRIGORIFICO ARMOUR',1923,1,'0000-00-00 00:00:00','0000-00-00 00:00:00'),
 (772,'FRIGORIFICO LAS PALMAS',2800,1,'0000-00-00 00:00:00','0000-00-00 00:00:00'),
 (773,'FUERTE ARGENTINO',8160,1,'0000-00-00 00:00:00','0000-00-00 00:00:00'),
 (774,'FUERTE BARRAGAN',1925,1,'0000-00-00 00:00:00','0000-00-00 00:00:00'),
 (775,'FULTON',7007,1,'0000-00-00 00:00:00','0000-00-00 00:00:00'),
 (776,'FUNKE',7220,1,'0000-00-00 00:00:00','0000-00-00 00:00:00'),
 (777,'GAHAN',2745,1,'0000-00-00 00:00:00','0000-00-00 00:00:00'),
 (778,'GALERA DE TORRES',7203,1,'0000-00-00 00:00:00','0000-00-00 00:00:00'),
 (779,'GALO LLORENTE',6513,1,'0000-00-00 00:00:00','0000-00-00 00:00:00'),
 (780,'GANDARA',7136,1,'0000-00-00 00:00:00','0000-00-00 00:00:00'),
 (781,'GARCIA DEL RIO',8162,1,'0000-00-00 00:00:00','0000-00-00 00:00:00'),
 (782,'GARDEY',7003,1,'0000-00-00 00:00:00','0000-00-00 00:00:00'),
 (783,'GARIN',1619,1,'0000-00-00 00:00:00','0000-00-00 00:00:00'),
 (784,'GARRE',6411,1,'0000-00-00 00:00:00','0000-00-00 00:00:00'),
 (785,'GARRO',8103,1,'0000-00-00 00:00:00','0000-00-00 00:00:00'),
 (786,'GENERAL ALVARADO',7607,1,'0000-00-00 00:00:00','0000-00-00 00:00:00'),
 (787,'GENERAL ALVEAR',7263,1,'0000-00-00 00:00:00','0000-00-00 00:00:00'),
 (788,'GENERAL ARENALES',6005,1,'0000-00-00 00:00:00','0000-00-00 00:00:00'),
 (789,'GENERAL BELGRANO',7223,1,'0000-00-00 00:00:00','0000-00-00 00:00:00'),
 (790,'GENERAL CONESA',2907,1,'0000-00-00 00:00:00','0000-00-00 00:00:00'),
 (791,'GENERAL CONESA',7101,1,'0000-00-00 00:00:00','0000-00-00 00:00:00'),
 (792,'GENERAL GUIDO',7118,1,'0000-00-00 00:00:00','0000-00-00 00:00:00'),
 (793,'GENERAL HORNOS',1739,1,'0000-00-00 00:00:00','0000-00-00 00:00:00'),
 (794,'GENERAL LAMADRID',7406,1,'0000-00-00 00:00:00','0000-00-00 00:00:00'),
 (795,'GENERAL LAS HERAS',1741,1,'0000-00-00 00:00:00','0000-00-00 00:00:00'),
 (796,'GENERAL LAVALLE',7103,1,'0000-00-00 00:00:00','0000-00-00 00:00:00'),
 (797,'GENERAL MADARIAGA',7163,1,'0000-00-00 00:00:00','0000-00-00 00:00:00'),
 (798,'GENERAL MANSILLA',1911,1,'0000-00-00 00:00:00','0000-00-00 00:00:00'),
 (799,'GENERAL O BRIEN',6646,1,'0000-00-00 00:00:00','0000-00-00 00:00:00'),
 (800,'GENERAL PACHECO',1617,1,'0000-00-00 00:00:00','0000-00-00 00:00:00'),
 (801,'GENERAL PINTO',6050,1,'0000-00-00 00:00:00','0000-00-00 00:00:00'),
 (802,'GENERAL PIRAN',7172,1,'0000-00-00 00:00:00','0000-00-00 00:00:00'),
 (803,'GENERAL RIVAS',6614,1,'0000-00-00 00:00:00','0000-00-00 00:00:00'),
 (804,'GENERAL RODRIGUEZ',1748,1,'0000-00-00 00:00:00','0000-00-00 00:00:00'),
 (805,'GENERAL ROJO',2905,1,'0000-00-00 00:00:00','0000-00-00 00:00:00'),
 (806,'GENERAL RONDEAU',8124,1,'0000-00-00 00:00:00','0000-00-00 00:00:00'),
 (807,'GENERAL SAN MARTIN',1650,1,'0000-00-00 00:00:00','0000-00-00 00:00:00'),
 (808,'GENERAL VALDEZ',7503,1,'0000-00-00 00:00:00','0000-00-00 00:00:00'),
 (809,'GENERAL VIAMONTE',6015,1,'0000-00-00 00:00:00','0000-00-00 00:00:00'),
 (810,'GENERAL VILLEGAS',6230,1,'0000-00-00 00:00:00','0000-00-00 00:00:00'),
 (811,'GERENTE CILLEY',6507,1,'0000-00-00 00:00:00','0000-00-00 00:00:00'),
 (812,'GERLI',1824,1,'0000-00-00 00:00:00','0000-00-00 00:00:00'),
 (813,'GERLI',1870,1,'0000-00-00 00:00:00','0000-00-00 00:00:00'),
 (814,'GERMANIA',6053,1,'0000-00-00 00:00:00','0000-00-00 00:00:00'),
 (815,'GIL',8151,1,'0000-00-00 00:00:00','0000-00-00 00:00:00'),
 (816,'GIRODIAS',6407,1,'0000-00-00 00:00:00','0000-00-00 00:00:00'),
 (817,'GIRONDO',6451,1,'0000-00-00 00:00:00','0000-00-00 00:00:00'),
 (818,'GLEW',1856,1,'0000-00-00 00:00:00','0000-00-00 00:00:00'),
 (819,'GLORIALDO',8129,1,'0000-00-00 00:00:00','0000-00-00 00:00:00'),
 (820,'GNECCO',6451,1,'0000-00-00 00:00:00','0000-00-00 00:00:00'),
 (821,'GOBERNADOR ANDONAEGHI',2764,1,'0000-00-00 00:00:00','0000-00-00 00:00:00'),
 (822,'GOBERNADOR ARIAS',6531,1,'0000-00-00 00:00:00','0000-00-00 00:00:00'),
 (823,'GOBERNADOR CASTRO',2946,1,'0000-00-00 00:00:00','0000-00-00 00:00:00'),
 (824,'GOBERNADOR COSTA',1888,1,'0000-00-00 00:00:00','0000-00-00 00:00:00'),
 (825,'GOBERNADOR OBLIGADO',1981,1,'0000-00-00 00:00:00','0000-00-00 00:00:00'),
 (826,'GOBERNADOR ORTIZ DE ROSAS',7260,1,'0000-00-00 00:00:00','0000-00-00 00:00:00'),
 (827,'GOBERNADOR UDAONDO',7221,1,'0000-00-00 00:00:00','0000-00-00 00:00:00'),
 (828,'GOBERNADOR UGARTE',6621,1,'0000-00-00 00:00:00','0000-00-00 00:00:00'),
 (829,'GOBOS',7163,1,'0000-00-00 00:00:00','0000-00-00 00:00:00'),
 (830,'GOLDNEY',6614,1,'0000-00-00 00:00:00','0000-00-00 00:00:00'),
 (831,'GOMEZ',1983,1,'0000-00-00 00:00:00','0000-00-00 00:00:00'),
 (832,'GOMEZ  DE LA VEGA',1983,1,'0000-00-00 00:00:00','0000-00-00 00:00:00'),
 (833,'GONDRA',6241,1,'0000-00-00 00:00:00','0000-00-00 00:00:00'),
 (834,'GO',7163,1,'0000-00-00 00:00:00','0000-00-00 00:00:00'),
 (835,'GONZALEZ CATAN',1759,1,'0000-00-00 00:00:00','0000-00-00 00:00:00'),
 (836,'GONZALEZ MORENO',6239,1,'0000-00-00 00:00:00','0000-00-00 00:00:00'),
 (837,'GONZALEZ RISOS',6605,1,'0000-00-00 00:00:00','0000-00-00 00:00:00'),
 (838,'GORCHS',7226,1,'0000-00-00 00:00:00','0000-00-00 00:00:00'),
 (839,'GORNATTI',2717,1,'0000-00-00 00:00:00','0000-00-00 00:00:00'),
 (840,'GOROSO',7163,1,'0000-00-00 00:00:00','0000-00-00 00:00:00'),
 (841,'GOROSTIAGA',6632,1,'0000-00-00 00:00:00','0000-00-00 00:00:00'),
 (842,'GOUIN',6727,1,'0000-00-00 00:00:00','0000-00-00 00:00:00'),
 (843,'GOWLAND',6608,1,'0000-00-00 00:00:00','0000-00-00 00:00:00'),
 (844,'GOYENA',8175,1,'0000-00-00 00:00:00','0000-00-00 00:00:00'),
 (845,'GOYENECHE',7220,1,'0000-00-00 00:00:00','0000-00-00 00:00:00'),
 (846,'GRACIARENA',6335,1,'0000-00-00 00:00:00','0000-00-00 00:00:00'),
 (847,'GRAL DANIEL CERRI',8105,1,'0000-00-00 00:00:00','0000-00-00 00:00:00'),
 (848,'GRAND BOURG',1615,1,'0000-00-00 00:00:00','0000-00-00 00:00:00'),
 (849,'GRAND DOCK',1925,1,'0000-00-00 00:00:00','0000-00-00 00:00:00'),
 (850,'GREGORIO DE LAFERRERE',1757,1,'0000-00-00 00:00:00','0000-00-00 00:00:00'),
 (851,'GREGORIO VILLAFA',6740,1,'0000-00-00 00:00:00','0000-00-00 00:00:00'),
 (852,'GRISOLIA',6627,1,'0000-00-00 00:00:00','0000-00-00 00:00:00'),
 (853,'GRUMBEIN',8101,1,'0000-00-00 00:00:00','0000-00-00 00:00:00'),
 (854,'GUAMINI',6435,1,'0000-00-00 00:00:00','0000-00-00 00:00:00'),
 (855,'GUANACO',6476,1,'0000-00-00 00:00:00','0000-00-00 00:00:00'),
 (856,'GUARDIA DEL MONTE',7220,1,'0000-00-00 00:00:00','0000-00-00 00:00:00'),
 (857,'GUERNICA',1862,1,'0000-00-00 00:00:00','0000-00-00 00:00:00'),
 (858,'GUERRERO',7116,1,'0000-00-00 00:00:00','0000-00-00 00:00:00'),
 (859,'GUERRICO',2717,1,'0000-00-00 00:00:00','0000-00-00 00:00:00'),
 (860,'GUIDO SPANO',2707,1,'0000-00-00 00:00:00','0000-00-00 00:00:00');
INSERT INTO `preventista`.`localidades` VALUES  (861,'GUILLERMO E HUDSON',1885,1,'0000-00-00 00:00:00','0000-00-00 00:00:00'),
 (862,'GUNTHER',6053,1,'0000-00-00 00:00:00','0000-00-00 00:00:00'),
 (863,'HAEDO',1706,1,'0000-00-00 00:00:00','0000-00-00 00:00:00'),
 (864,'HALCEY',6064,1,'0000-00-00 00:00:00','0000-00-00 00:00:00'),
 (865,'HALE',6511,1,'0000-00-00 00:00:00','0000-00-00 00:00:00'),
 (866,'HAM',6005,1,'0000-00-00 00:00:00','0000-00-00 00:00:00'),
 (867,'HARAS 1 DE MAYO',7174,1,'0000-00-00 00:00:00','0000-00-00 00:00:00'),
 (868,'HARAS CHACABUCO',7223,1,'0000-00-00 00:00:00','0000-00-00 00:00:00'),
 (869,'HARAS CHAPADMALAL',7605,1,'0000-00-00 00:00:00','0000-00-00 00:00:00'),
 (870,'HARAS EL CARMEN',6627,1,'0000-00-00 00:00:00','0000-00-00 00:00:00'),
 (871,'HARAS EL CATORCE',6050,1,'0000-00-00 00:00:00','0000-00-00 00:00:00'),
 (872,'HARAS EL CENTINELA',2701,1,'0000-00-00 00:00:00','0000-00-00 00:00:00'),
 (873,'HARAS EL CISNE',7020,1,'0000-00-00 00:00:00','0000-00-00 00:00:00'),
 (874,'HARAS EL MORO',7631,1,'0000-00-00 00:00:00','0000-00-00 00:00:00'),
 (875,'HARAS EL OMBU',2916,1,'0000-00-00 00:00:00','0000-00-00 00:00:00'),
 (876,'HARAS EL SALASO',7245,1,'0000-00-00 00:00:00','0000-00-00 00:00:00'),
 (877,'HARAS LA ELVIRA',6612,1,'0000-00-00 00:00:00','0000-00-00 00:00:00'),
 (878,'HARAS LA LULA',7011,1,'0000-00-00 00:00:00','0000-00-00 00:00:00'),
 (879,'HARAS LOS CARDALES',2752,1,'0000-00-00 00:00:00','0000-00-00 00:00:00'),
 (880,'HARAS NACIONAL',7631,1,'0000-00-00 00:00:00','0000-00-00 00:00:00'),
 (881,'HARAS OJO DEL AGUA',7620,1,'0000-00-00 00:00:00','0000-00-00 00:00:00'),
 (882,'HARAS R DE LA PARVA',7263,1,'0000-00-00 00:00:00','0000-00-00 00:00:00'),
 (883,'HARAS SAN IGNACIO',7136,1,'0000-00-00 00:00:00','0000-00-00 00:00:00'),
 (884,'HARAS SAN JACINTO',2705,1,'0000-00-00 00:00:00','0000-00-00 00:00:00'),
 (885,'HARAS TRUJUI',6075,1,'0000-00-00 00:00:00','0000-00-00 00:00:00'),
 (886,'HEAVY',6723,1,'0000-00-00 00:00:00','0000-00-00 00:00:00'),
 (887,'HENDERSON',6465,1,'0000-00-00 00:00:00','0000-00-00 00:00:00'),
 (888,'HENRY BELL',6621,1,'0000-00-00 00:00:00','0000-00-00 00:00:00'),
 (889,'HEREFORD',6233,1,'0000-00-00 00:00:00','0000-00-00 00:00:00'),
 (890,'HERRERA VEGAS',6557,1,'0000-00-00 00:00:00','0000-00-00 00:00:00'),
 (891,'HILARIO ASCASUBI',8142,1,'0000-00-00 00:00:00','0000-00-00 00:00:00'),
 (892,'HINOJALES',7163,1,'0000-00-00 00:00:00','0000-00-00 00:00:00'),
 (893,'HINOJO',7318,1,'0000-00-00 00:00:00','0000-00-00 00:00:00'),
 (894,'HOGAR MARIANO ORTIZ BASUALDO',7172,1,'0000-00-00 00:00:00','0000-00-00 00:00:00'),
 (895,'HORNOS',1739,1,'0000-00-00 00:00:00','0000-00-00 00:00:00'),
 (896,'HORTENSIA',6537,1,'0000-00-00 00:00:00','0000-00-00 00:00:00'),
 (897,'HOSPITAL NECOCHEA',7630,1,'0000-00-00 00:00:00','0000-00-00 00:00:00'),
 (898,'HOSPITAL SAN ANTONIO DE LA LLA',2700,1,'0000-00-00 00:00:00','0000-00-00 00:00:00'),
 (899,'HUANGUELEN',7545,1,'0000-00-00 00:00:00','0000-00-00 00:00:00'),
 (900,'HUESO CLAVADO',7500,1,'0000-00-00 00:00:00','0000-00-00 00:00:00'),
 (901,'HUETEL',6511,1,'0000-00-00 00:00:00','0000-00-00 00:00:00'),
 (902,'HUNTER',2707,1,'0000-00-00 00:00:00','0000-00-00 00:00:00'),
 (903,'HURLINGHAM',1686,1,'0000-00-00 00:00:00','0000-00-00 00:00:00'),
 (904,'HUSARES',6455,1,'0000-00-00 00:00:00','0000-00-00 00:00:00'),
 (905,'IBA',7223,1,'0000-00-00 00:00:00','0000-00-00 00:00:00'),
 (906,'IGARZABAL',8512,1,'0000-00-00 00:00:00','0000-00-00 00:00:00'),
 (907,'IGNACIO CORREAS ARANA',1909,1,'0000-00-00 00:00:00','0000-00-00 00:00:00'),
 (908,'INDACOCHEA',6623,1,'0000-00-00 00:00:00','0000-00-00 00:00:00'),
 (909,'INDIA MUERTA',7114,1,'0000-00-00 00:00:00','0000-00-00 00:00:00'),
 (910,'INDIO RICO',7501,1,'0000-00-00 00:00:00','0000-00-00 00:00:00'),
 (911,'INES INDART',2747,1,'0000-00-00 00:00:00','0000-00-00 00:00:00'),
 (912,'INGENIERO ADOLFO SOURDEAUX',1612,1,'0000-00-00 00:00:00','0000-00-00 00:00:00'),
 (913,'INGENIERO ALLAN',1891,1,'0000-00-00 00:00:00','0000-00-00 00:00:00'),
 (914,'INGENIERO BALBIN',6051,1,'0000-00-00 00:00:00','0000-00-00 00:00:00'),
 (915,'INGENIERO BEAUGEY',6457,1,'0000-00-00 00:00:00','0000-00-00 00:00:00'),
 (916,'INGENIERO DE MADRID',6651,1,'0000-00-00 00:00:00','0000-00-00 00:00:00'),
 (917,'INGENIERO MASCHWITZ',1623,1,'0000-00-00 00:00:00','0000-00-00 00:00:00'),
 (918,'INGENIERO MONETA',2935,1,'0000-00-00 00:00:00','0000-00-00 00:00:00'),
 (919,'INGENIERO SILVEYRA',6743,1,'0000-00-00 00:00:00','0000-00-00 00:00:00'),
 (920,'INGENIERO THOMPSON',6337,1,'0000-00-00 00:00:00','0000-00-00 00:00:00'),
 (921,'INGENIERO WHITE',8103,1,'0000-00-00 00:00:00','0000-00-00 00:00:00'),
 (922,'INGENIERO WILLIAMS',6603,1,'0000-00-00 00:00:00','0000-00-00 00:00:00'),
 (923,'INOCENCIO SOSA',6451,1,'0000-00-00 00:00:00','0000-00-00 00:00:00'),
 (924,'INVERNADAS',7163,1,'0000-00-00 00:00:00','0000-00-00 00:00:00'),
 (925,'IRALA',6013,1,'0000-00-00 00:00:00','0000-00-00 00:00:00'),
 (926,'IRAOLA',7009,1,'0000-00-00 00:00:00','0000-00-00 00:00:00'),
 (927,'IRENE',7507,1,'0000-00-00 00:00:00','0000-00-00 00:00:00'),
 (928,'IRENEO PORTELA',2943,1,'0000-00-00 00:00:00','0000-00-00 00:00:00'),
 (929,'IRIARTE',6042,1,'0000-00-00 00:00:00','0000-00-00 00:00:00'),
 (930,'ISIDRO CASANOVA',1765,1,'0000-00-00 00:00:00','0000-00-00 00:00:00'),
 (931,'ISLA CATARELLI',8111,1,'0000-00-00 00:00:00','0000-00-00 00:00:00'),
 (932,'ISLA LOS LAURELES',2931,1,'0000-00-00 00:00:00','0000-00-00 00:00:00'),
 (933,'ISLA MARTIN GARCIA',1601,1,'0000-00-00 00:00:00','0000-00-00 00:00:00'),
 (934,'ISLA PAULINO',1929,1,'0000-00-00 00:00:00','0000-00-00 00:00:00'),
 (935,'ISLA SANTIAGO',1929,1,'0000-00-00 00:00:00','0000-00-00 00:00:00'),
 (936,'ISLA VERDE',8146,1,'0000-00-00 00:00:00','0000-00-00 00:00:00'),
 (937,'ISLAS',6667,1,'0000-00-00 00:00:00','0000-00-00 00:00:00'),
 (938,'ISONDU',7163,1,'0000-00-00 00:00:00','0000-00-00 00:00:00'),
 (939,'ITURREGUI',6557,1,'0000-00-00 00:00:00','0000-00-00 00:00:00'),
 (940,'ITUZAINGO',1714,1,'0000-00-00 00:00:00','0000-00-00 00:00:00'),
 (941,'JARRILLA',8508,1,'0000-00-00 00:00:00','0000-00-00 00:00:00'),
 (942,'JAUREGUI JOSE MARIA',6706,1,'0000-00-00 00:00:00','0000-00-00 00:00:00'),
 (943,'JEPPENER',1986,1,'0000-00-00 00:00:00','0000-00-00 00:00:00'),
 (944,'JOAQUIN GORINA',1896,1,'0000-00-00 00:00:00','0000-00-00 00:00:00'),
 (945,'JOSE A GUISASOLA',8156,1,'0000-00-00 00:00:00','0000-00-00 00:00:00'),
 (946,'JOSE B CASAS',8506,1,'0000-00-00 00:00:00','0000-00-00 00:00:00'),
 (947,'JOSE CLEMENTE PAZ',1665,1,'0000-00-00 00:00:00','0000-00-00 00:00:00'),
 (948,'JOSE FERRARI',1905,1,'0000-00-00 00:00:00','0000-00-00 00:00:00'),
 (949,'JOSE INGENIEROS',1702,1,'0000-00-00 00:00:00','0000-00-00 00:00:00'),
 (950,'JOSE LEON SUAREZ',1655,1,'0000-00-00 00:00:00','0000-00-00 00:00:00'),
 (951,'JOSE M MICHEO',7263,1,'0000-00-00 00:00:00','0000-00-00 00:00:00'),
 (952,'JOSE MARIA BLANCO',6409,1,'0000-00-00 00:00:00','0000-00-00 00:00:00'),
 (953,'JOSE MARMOL',1846,1,'0000-00-00 00:00:00','0000-00-00 00:00:00'),
 (954,'JOSE SOJO',7260,1,'0000-00-00 00:00:00','0000-00-00 00:00:00'),
 (955,'JUAN A PRADERE',8142,1,'0000-00-00 00:00:00','0000-00-00 00:00:00'),
 (956,'JUAN ATUCHA',7245,1,'0000-00-00 00:00:00','0000-00-00 00:00:00'),
 (957,'JUAN BAUTISTA ALBERDI',6034,1,'0000-00-00 00:00:00','0000-00-00 00:00:00'),
 (958,'JUAN BLAQUIER',7267,1,'0000-00-00 00:00:00','0000-00-00 00:00:00'),
 (959,'JUAN COUSTE',8136,1,'0000-00-00 00:00:00','0000-00-00 00:00:00'),
 (960,'JUAN E BARRA',7517,1,'0000-00-00 00:00:00','0000-00-00 00:00:00'),
 (961,'JUAN F IBARRA',6551,1,'0000-00-00 00:00:00','0000-00-00 00:00:00'),
 (962,'JUAN G PUJOL',2909,1,'0000-00-00 00:00:00','0000-00-00 00:00:00'),
 (963,'JUAN JOSE ALMEYRA',6603,1,'0000-00-00 00:00:00','0000-00-00 00:00:00'),
 (964,'JUAN JOSE PASO',6474,1,'0000-00-00 00:00:00','0000-00-00 00:00:00'),
 (965,'JUAN MARIA GUTIERREZ',1890,1,'0000-00-00 00:00:00','0000-00-00 00:00:00'),
 (966,'JUAN N FERNANDEZ',7011,1,'0000-00-00 00:00:00','0000-00-00 00:00:00'),
 (967,'JUAN TRONCONI',7247,1,'0000-00-00 00:00:00','0000-00-00 00:00:00'),
 (968,'JUAN V CILLEY',6430,1,'0000-00-00 00:00:00','0000-00-00 00:00:00'),
 (969,'JUAN VELA',6663,1,'0000-00-00 00:00:00','0000-00-00 00:00:00'),
 (970,'JUAN VUCETICH EX DR R LEVENE',1894,1,'0000-00-00 00:00:00','0000-00-00 00:00:00'),
 (971,'JUANA A DE LA PE',2717,1,'0000-00-00 00:00:00','0000-00-00 00:00:00'),
 (972,'JUANCHO',7169,1,'0000-00-00 00:00:00','0000-00-00 00:00:00'),
 (973,'JULIO ARDITI',1913,1,'0000-00-00 00:00:00','0000-00-00 00:00:00'),
 (974,'JUNIN',6000,1,'0000-00-00 00:00:00','0000-00-00 00:00:00'),
 (975,'KENNY',2745,1,'0000-00-00 00:00:00','0000-00-00 00:00:00'),
 (976,'KILOMETRO 102',2763,1,'0000-00-00 00:00:00','0000-00-00 00:00:00'),
 (977,'KILOMETRO 103',1915,1,'0000-00-00 00:00:00','0000-00-00 00:00:00'),
 (978,'KILOMETRO 108',6723,1,'0000-00-00 00:00:00','0000-00-00 00:00:00'),
 (979,'KILOMETRO 11',8101,1,'0000-00-00 00:00:00','0000-00-00 00:00:00'),
 (980,'KILOMETRO 112',7240,1,'0000-00-00 00:00:00','0000-00-00 00:00:00'),
 (981,'KILOMETRO 116',6605,1,'0000-00-00 00:00:00','0000-00-00 00:00:00'),
 (982,'KILOMETRO 117',6603,1,'0000-00-00 00:00:00','0000-00-00 00:00:00'),
 (983,'KILOMETRO 125',6600,1,'0000-00-00 00:00:00','0000-00-00 00:00:00'),
 (984,'KILOMETRO 125',6720,1,'0000-00-00 00:00:00','0000-00-00 00:00:00'),
 (985,'KILOMETRO 128',7221,1,'0000-00-00 00:00:00','0000-00-00 00:00:00'),
 (986,'KILOMETRO 146',7226,1,'0000-00-00 00:00:00','0000-00-00 00:00:00'),
 (987,'KILOMETRO 172',2935,1,'0000-00-00 00:00:00','0000-00-00 00:00:00'),
 (988,'KILOMETRO 184',2946,1,'0000-00-00 00:00:00','0000-00-00 00:00:00'),
 (989,'KILOMETRO 187',2741,1,'0000-00-00 00:00:00','0000-00-00 00:00:00'),
 (990,'KILOMETRO 212',7100,1,'0000-00-00 00:00:00','0000-00-00 00:00:00'),
 (991,'KILOMETRO 282',6017,1,'0000-00-00 00:00:00','0000-00-00 00:00:00'),
 (992,'KILOMETRO 321',6070,1,'0000-00-00 00:00:00','0000-00-00 00:00:00'),
 (993,'KILOMETRO 322',6533,1,'0000-00-00 00:00:00','0000-00-00 00:00:00'),
 (994,'KILOMETRO 333',7400,1,'0000-00-00 00:00:00','0000-00-00 00:00:00'),
 (995,'KILOMETRO 352',6075,1,'0000-00-00 00:00:00','0000-00-00 00:00:00'),
 (996,'KILOMETRO 356',6075,1,'0000-00-00 00:00:00','0000-00-00 00:00:00'),
 (997,'KILOMETRO 36',2705,1,'0000-00-00 00:00:00','0000-00-00 00:00:00'),
 (998,'KILOMETRO 386',6457,1,'0000-00-00 00:00:00','0000-00-00 00:00:00'),
 (999,'KILOMETRO 393',6467,1,'0000-00-00 00:00:00','0000-00-00 00:00:00'),
 (1000,'KILOMETRO 404',7005,1,'0000-00-00 00:00:00','0000-00-00 00:00:00'),
 (1001,'KILOMETRO 433',7313,1,'0000-00-00 00:00:00','0000-00-00 00:00:00'),
 (1002,'KILOMETRO 44',1980,1,'0000-00-00 00:00:00','0000-00-00 00:00:00'),
 (1003,'KILOMETRO 440',7635,1,'0000-00-00 00:00:00','0000-00-00 00:00:00'),
 (1004,'KILOMETRO 45',1635,1,'0000-00-00 00:00:00','0000-00-00 00:00:00'),
 (1005,'KILOMETRO 45',1727,1,'0000-00-00 00:00:00','0000-00-00 00:00:00'),
 (1006,'KILOMETRO 53',1727,1,'0000-00-00 00:00:00','0000-00-00 00:00:00'),
 (1007,'KILOMETRO 563',8151,1,'0000-00-00 00:00:00','0000-00-00 00:00:00'),
 (1008,'KILOMETRO 58',1981,1,'0000-00-00 00:00:00','0000-00-00 00:00:00'),
 (1009,'KILOMETRO 59',1814,1,'0000-00-00 00:00:00','0000-00-00 00:00:00'),
 (1010,'KILOMETRO 61',1629,1,'0000-00-00 00:00:00','0000-00-00 00:00:00'),
 (1011,'KILOMETRO 652',8109,1,'0000-00-00 00:00:00','0000-00-00 00:00:00'),
 (1012,'KILOMETRO 666',8105,1,'0000-00-00 00:00:00','0000-00-00 00:00:00'),
 (1013,'KILOMETRO 697',8144,1,'0000-00-00 00:00:00','0000-00-00 00:00:00'),
 (1014,'KILOMETRO 70',1981,1,'0000-00-00 00:00:00','0000-00-00 00:00:00'),
 (1015,'KILOMETRO 77',1737,1,'0000-00-00 00:00:00','0000-00-00 00:00:00'),
 (1016,'KILOMETRO 79',1741,1,'0000-00-00 00:00:00','0000-00-00 00:00:00'),
 (1017,'KILOMETRO 82',1980,1,'0000-00-00 00:00:00','0000-00-00 00:00:00'),
 (1018,'KILOMETRO 83',6605,1,'0000-00-00 00:00:00','0000-00-00 00:00:00'),
 (1019,'KILOMETRO 88',1815,1,'0000-00-00 00:00:00','0000-00-00 00:00:00'),
 (1020,'KILOMETRO 88',2804,1,'0000-00-00 00:00:00','0000-00-00 00:00:00'),
 (1021,'KILOMETRO 88',7220,1,'0000-00-00 00:00:00','0000-00-00 00:00:00'),
 (1022,'KILOMETRO 88',7221,1,'0000-00-00 00:00:00','0000-00-00 00:00:00'),
 (1023,'KILOMETRO 9 SUD',8101,1,'0000-00-00 00:00:00','0000-00-00 00:00:00'),
 (1024,'KILOMETRO 90',6605,1,'0000-00-00 00:00:00','0000-00-00 00:00:00'),
 (1025,'KILOMETRO 92',1911,1,'0000-00-00 00:00:00','0000-00-00 00:00:00'),
 (1026,'KILOMETRO 95',6031,1,'0000-00-00 00:00:00','0000-00-00 00:00:00'),
 (1027,'KRABBE',7530,1,'0000-00-00 00:00:00','0000-00-00 00:00:00'),
 (1028,'LA ADELA',6533,1,'0000-00-00 00:00:00','0000-00-00 00:00:00'),
 (1029,'LA ADELAIDA',7243,1,'0000-00-00 00:00:00','0000-00-00 00:00:00'),
 (1030,'LA ALAMEDA',7130,1,'0000-00-00 00:00:00','0000-00-00 00:00:00'),
 (1031,'LA ALCIRA',7116,1,'0000-00-00 00:00:00','0000-00-00 00:00:00'),
 (1032,'LA AMALIA',7130,1,'0000-00-00 00:00:00','0000-00-00 00:00:00'),
 (1033,'LA AMISTAD',7130,1,'0000-00-00 00:00:00','0000-00-00 00:00:00'),
 (1034,'LA AMORILLA',7119,1,'0000-00-00 00:00:00','0000-00-00 00:00:00'),
 (1035,'LA ANGELITA',6003,1,'0000-00-00 00:00:00','0000-00-00 00:00:00'),
 (1036,'LA ARGENTINA',1865,1,'0000-00-00 00:00:00','0000-00-00 00:00:00'),
 (1037,'LA ARMONIA',6555,1,'0000-00-00 00:00:00','0000-00-00 00:00:00'),
 (1038,'LA AURORA',6513,1,'0000-00-00 00:00:00','0000-00-00 00:00:00'),
 (1039,'LA AURORA',7009,1,'0000-00-00 00:00:00','0000-00-00 00:00:00'),
 (1040,'LA AURORA',8151,1,'0000-00-00 00:00:00','0000-00-00 00:00:00'),
 (1041,'LA AZOTEA',7007,1,'0000-00-00 00:00:00','0000-00-00 00:00:00'),
 (1042,'LA AZOTEA GRANDE',7130,1,'0000-00-00 00:00:00','0000-00-00 00:00:00'),
 (1043,'LA AZUCENA',7005,1,'0000-00-00 00:00:00','0000-00-00 00:00:00'),
 (1044,'LA BALANDRA',1923,1,'0000-00-00 00:00:00','0000-00-00 00:00:00'),
 (1045,'LA BALLENA',7521,1,'0000-00-00 00:00:00','0000-00-00 00:00:00'),
 (1046,'LA BALLENERA',7605,1,'0000-00-00 00:00:00','0000-00-00 00:00:00'),
 (1047,'LA BARRANCOSA',7260,1,'0000-00-00 00:00:00','0000-00-00 00:00:00'),
 (1048,'LA BEBA',6003,1,'0000-00-00 00:00:00','0000-00-00 00:00:00'),
 (1049,'LA BLANCA',8136,1,'0000-00-00 00:00:00','0000-00-00 00:00:00'),
 (1050,'LA BLANQUEADA',7243,1,'0000-00-00 00:00:00','0000-00-00 00:00:00'),
 (1051,'LA BOLSA',2933,1,'0000-00-00 00:00:00','0000-00-00 00:00:00'),
 (1052,'LA BRAVA',7620,1,'0000-00-00 00:00:00','0000-00-00 00:00:00'),
 (1053,'LA BUANA MOZA',2930,1,'0000-00-00 00:00:00','0000-00-00 00:00:00'),
 (1054,'LA CALERA',7020,1,'0000-00-00 00:00:00','0000-00-00 00:00:00'),
 (1055,'LA CALETA',7609,1,'0000-00-00 00:00:00','0000-00-00 00:00:00'),
 (1056,'LA CALIFORNIA ARGENTINA',6616,1,'0000-00-00 00:00:00','0000-00-00 00:00:00'),
 (1057,'LA CAMPANA',7260,1,'0000-00-00 00:00:00','0000-00-00 00:00:00'),
 (1058,'LA CARLOTA',6628,1,'0000-00-00 00:00:00','0000-00-00 00:00:00'),
 (1059,'LA CARRETA',6471,1,'0000-00-00 00:00:00','0000-00-00 00:00:00'),
 (1060,'LA CAUTIVA',6403,1,'0000-00-00 00:00:00','0000-00-00 00:00:00'),
 (1061,'LA CELIA',8144,1,'0000-00-00 00:00:00','0000-00-00 00:00:00'),
 (1062,'LA CELINA',8136,1,'0000-00-00 00:00:00','0000-00-00 00:00:00'),
 (1063,'LA CENTRAL',6725,1,'0000-00-00 00:00:00','0000-00-00 00:00:00'),
 (1064,'LA CHOZA',1737,1,'0000-00-00 00:00:00','0000-00-00 00:00:00'),
 (1065,'LA CHUMBEADA',7223,1,'0000-00-00 00:00:00','0000-00-00 00:00:00'),
 (1066,'LA CHUMBEADA',7316,1,'0000-00-00 00:00:00','0000-00-00 00:00:00'),
 (1067,'LA COLINA',7408,1,'0000-00-00 00:00:00','0000-00-00 00:00:00'),
 (1068,'LA COLMENA',7603,1,'0000-00-00 00:00:00','0000-00-00 00:00:00'),
 (1069,'LA COLORADA',7119,1,'0000-00-00 00:00:00','0000-00-00 00:00:00'),
 (1070,'LA COLORADA',7300,1,'0000-00-00 00:00:00','0000-00-00 00:00:00'),
 (1071,'LA COLORADA CHICA',8126,1,'0000-00-00 00:00:00','0000-00-00 00:00:00'),
 (1072,'LA CONSTANCIA',7153,1,'0000-00-00 00:00:00','0000-00-00 00:00:00'),
 (1073,'LA COPETA',7545,1,'0000-00-00 00:00:00','0000-00-00 00:00:00'),
 (1074,'LA CORA',2700,1,'0000-00-00 00:00:00','0000-00-00 00:00:00'),
 (1075,'LA CORINA',7114,1,'0000-00-00 00:00:00','0000-00-00 00:00:00'),
 (1076,'LA CORINCO',7114,1,'0000-00-00 00:00:00','0000-00-00 00:00:00'),
 (1077,'LA COSTA',1814,1,'0000-00-00 00:00:00','0000-00-00 00:00:00'),
 (1078,'LA COSTA',7114,1,'0000-00-00 00:00:00','0000-00-00 00:00:00'),
 (1079,'LA COTORRA',6461,1,'0000-00-00 00:00:00','0000-00-00 00:00:00'),
 (1080,'LA DELFINA',6017,1,'0000-00-00 00:00:00','0000-00-00 00:00:00'),
 (1081,'LA DELIA',2740,1,'0000-00-00 00:00:00','0000-00-00 00:00:00'),
 (1082,'LA DESPIERTA',7116,1,'0000-00-00 00:00:00','0000-00-00 00:00:00'),
 (1083,'LA DORITA',6538,1,'0000-00-00 00:00:00','0000-00-00 00:00:00'),
 (1084,'LA DORMILONA',6628,1,'0000-00-00 00:00:00','0000-00-00 00:00:00'),
 (1085,'LA DULCE',7637,1,'0000-00-00 00:00:00','0000-00-00 00:00:00'),
 (1086,'LA ELMA',7603,1,'0000-00-00 00:00:00','0000-00-00 00:00:00'),
 (1087,'LA ESPERANZA',2915,1,'0000-00-00 00:00:00','0000-00-00 00:00:00'),
 (1088,'LA ESPERANZA',7007,1,'0000-00-00 00:00:00','0000-00-00 00:00:00'),
 (1089,'LA ESPERANZA',7223,1,'0000-00-00 00:00:00','0000-00-00 00:00:00'),
 (1090,'LA ESPERANZA GRAL MADARIAGA',7163,1,'0000-00-00 00:00:00','0000-00-00 00:00:00'),
 (1091,'LA ESPERANZA ROSAS LAS FLORES',7205,1,'0000-00-00 00:00:00','0000-00-00 00:00:00'),
 (1092,'LA ESTRELLA',7100,1,'0000-00-00 00:00:00','0000-00-00 00:00:00'),
 (1093,'LA ESTRELLA',7403,1,'0000-00-00 00:00:00','0000-00-00 00:00:00'),
 (1094,'LA EVA',8136,1,'0000-00-00 00:00:00','0000-00-00 00:00:00'),
 (1095,'LA FELICIANA',7503,1,'0000-00-00 00:00:00','0000-00-00 00:00:00'),
 (1096,'LA FLORIDA',6720,1,'0000-00-00 00:00:00','0000-00-00 00:00:00'),
 (1097,'LA FLORIDA',7116,1,'0000-00-00 00:00:00','0000-00-00 00:00:00'),
 (1098,'LA FLORIDA',8185,1,'0000-00-00 00:00:00','0000-00-00 00:00:00'),
 (1099,'LA FRATERNIDAD',1748,1,'0000-00-00 00:00:00','0000-00-00 00:00:00'),
 (1100,'LA GARITA',1814,1,'0000-00-00 00:00:00','0000-00-00 00:00:00'),
 (1101,'LA GAVIOTA',7521,1,'0000-00-00 00:00:00','0000-00-00 00:00:00'),
 (1102,'LA GLEVA',8134,1,'0000-00-00 00:00:00','0000-00-00 00:00:00'),
 (1103,'LA GLORIA',6665,1,'0000-00-00 00:00:00','0000-00-00 00:00:00'),
 (1104,'LA GRACIELITA',1623,1,'0000-00-00 00:00:00','0000-00-00 00:00:00'),
 (1105,'LA GREGORIA',6437,1,'0000-00-00 00:00:00','0000-00-00 00:00:00'),
 (1106,'LA HERMINIA',6437,1,'0000-00-00 00:00:00','0000-00-00 00:00:00'),
 (1107,'LA HIGUERA',6475,1,'0000-00-00 00:00:00','0000-00-00 00:00:00'),
 (1108,'LA HORQUETA',2805,1,'0000-00-00 00:00:00','0000-00-00 00:00:00'),
 (1109,'LA HORQUETA',7130,1,'0000-00-00 00:00:00','0000-00-00 00:00:00'),
 (1110,'LA HORQUETA',7500,1,'0000-00-00 00:00:00','0000-00-00 00:00:00'),
 (1111,'LA HUAYQUERIA',6005,1,'0000-00-00 00:00:00','0000-00-00 00:00:00'),
 (1112,'LA INVENCIBLE',2745,1,'0000-00-00 00:00:00','0000-00-00 00:00:00'),
 (1113,'LA ISABEL',7112,1,'0000-00-00 00:00:00','0000-00-00 00:00:00'),
 (1114,'LA LARGA',6555,1,'0000-00-00 00:00:00','0000-00-00 00:00:00'),
 (1115,'LA LARGA NUEVA',7116,1,'0000-00-00 00:00:00','0000-00-00 00:00:00'),
 (1116,'LA LATA',2812,1,'0000-00-00 00:00:00','0000-00-00 00:00:00'),
 (1117,'LA LEONOR',1814,1,'0000-00-00 00:00:00','0000-00-00 00:00:00'),
 (1118,'LA LIMPIA',6645,1,'0000-00-00 00:00:00','0000-00-00 00:00:00'),
 (1119,'LA LOMA',6700,1,'0000-00-00 00:00:00','0000-00-00 00:00:00'),
 (1120,'LA LUCIA',7603,1,'0000-00-00 00:00:00','0000-00-00 00:00:00'),
 (1121,'LA LUCILA',1636,1,'0000-00-00 00:00:00','0000-00-00 00:00:00'),
 (1122,'LA LUCILA DEL MAR',7113,1,'0000-00-00 00:00:00','0000-00-00 00:00:00'),
 (1123,'LA LUISA',2752,1,'0000-00-00 00:00:00','0000-00-00 00:00:00'),
 (1124,'LA LUNA',8150,1,'0000-00-00 00:00:00','0000-00-00 00:00:00'),
 (1125,'LA LUZ',7225,1,'0000-00-00 00:00:00','0000-00-00 00:00:00'),
 (1126,'LA MADRECITA',7603,1,'0000-00-00 00:00:00','0000-00-00 00:00:00'),
 (1127,'LA MANTEQUERIA',7300,1,'0000-00-00 00:00:00','0000-00-00 00:00:00'),
 (1128,'LA MANUELA',6439,1,'0000-00-00 00:00:00','0000-00-00 00:00:00'),
 (1129,'LA MARGARITA',2715,1,'0000-00-00 00:00:00','0000-00-00 00:00:00'),
 (1130,'LA MARGARITA',6471,1,'0000-00-00 00:00:00','0000-00-00 00:00:00'),
 (1131,'LA MARGARITA',7260,1,'0000-00-00 00:00:00','0000-00-00 00:00:00'),
 (1132,'LA MARIA',6640,1,'0000-00-00 00:00:00','0000-00-00 00:00:00'),
 (1133,'LA MARTINA',8109,1,'0000-00-00 00:00:00','0000-00-00 00:00:00'),
 (1134,'LA MASCOTA',7119,1,'0000-00-00 00:00:00','0000-00-00 00:00:00'),
 (1135,'LA MASCOTA',7225,1,'0000-00-00 00:00:00','0000-00-00 00:00:00'),
 (1136,'LA MASCOTA',8134,1,'0000-00-00 00:00:00','0000-00-00 00:00:00'),
 (1137,'LA MATILDE',2931,1,'0000-00-00 00:00:00','0000-00-00 00:00:00'),
 (1138,'LA NACION',2707,1,'0000-00-00 00:00:00','0000-00-00 00:00:00'),
 (1139,'LA NARCISA',7403,1,'0000-00-00 00:00:00','0000-00-00 00:00:00'),
 (1140,'LA NAVARRA',7400,1,'0000-00-00 00:00:00','0000-00-00 00:00:00'),
 (1141,'LA NEGRA',7005,1,'0000-00-00 00:00:00','0000-00-00 00:00:00'),
 (1142,'LA NELIDA',2740,1,'0000-00-00 00:00:00','0000-00-00 00:00:00'),
 (1143,'LA NEVADA',7545,1,'0000-00-00 00:00:00','0000-00-00 00:00:00'),
 (1144,'LA NI',6513,1,'0000-00-00 00:00:00','0000-00-00 00:00:00'),
 (1145,'LA NORIA',1814,1,'0000-00-00 00:00:00','0000-00-00 00:00:00'),
 (1146,'LA NUMANCIA',7000,1,'0000-00-00 00:00:00','0000-00-00 00:00:00'),
 (1147,'LA NUTRIA',7313,1,'0000-00-00 00:00:00','0000-00-00 00:00:00'),
 (1148,'LA ORIENTAL',6022,1,'0000-00-00 00:00:00','0000-00-00 00:00:00'),
 (1149,'LA PALA',6341,1,'0000-00-00 00:00:00','0000-00-00 00:00:00'),
 (1150,'LA PALMA',7007,1,'0000-00-00 00:00:00','0000-00-00 00:00:00'),
 (1151,'LA PALMIRA',7403,1,'0000-00-00 00:00:00','0000-00-00 00:00:00'),
 (1152,'LA PAMPA',7263,1,'0000-00-00 00:00:00','0000-00-00 00:00:00'),
 (1153,'LA PARA',7620,1,'0000-00-00 00:00:00','0000-00-00 00:00:00'),
 (1154,'LA PASTORA',7001,1,'0000-00-00 00:00:00','0000-00-00 00:00:00'),
 (1155,'LA PASTORA',7500,1,'0000-00-00 00:00:00','0000-00-00 00:00:00'),
 (1156,'LA PAZ',7245,1,'0000-00-00 00:00:00','0000-00-00 00:00:00'),
 (1157,'LA PAZ CHICA',7247,1,'0000-00-00 00:00:00','0000-00-00 00:00:00'),
 (1158,'LA PEREGRINA',7601,1,'0000-00-00 00:00:00','0000-00-00 00:00:00'),
 (1159,'LA PERLA',6550,1,'0000-00-00 00:00:00','0000-00-00 00:00:00'),
 (1160,'LA PESQUERIA',2800,1,'0000-00-00 00:00:00','0000-00-00 00:00:00'),
 (1161,'LA PIEDRA',7116,1,'0000-00-00 00:00:00','0000-00-00 00:00:00'),
 (1162,'LA PINTA',6007,1,'0000-00-00 00:00:00','0000-00-00 00:00:00'),
 (1163,'LA PLATA',1900,1,'0000-00-00 00:00:00','0000-00-00 00:00:00'),
 (1164,'LA PLAYA',7631,1,'0000-00-00 00:00:00','0000-00-00 00:00:00'),
 (1165,'LA POCHOLA',8124,1,'0000-00-00 00:00:00','0000-00-00 00:00:00'),
 (1166,'LA PORTE',6407,1,'0000-00-00 00:00:00','0000-00-00 00:00:00'),
 (1167,'LA PORTE',7207,1,'0000-00-00 00:00:00','0000-00-00 00:00:00'),
 (1168,'LA PORTE',7241,1,'0000-00-00 00:00:00','0000-00-00 00:00:00'),
 (1169,'LA POSADA',1980,1,'0000-00-00 00:00:00','0000-00-00 00:00:00'),
 (1170,'LA POSTA',7112,1,'0000-00-00 00:00:00','0000-00-00 00:00:00'),
 (1171,'LA POSTA',7153,1,'0000-00-00 00:00:00','0000-00-00 00:00:00'),
 (1172,'LA PRADERA',6453,1,'0000-00-00 00:00:00','0000-00-00 00:00:00'),
 (1173,'LA PRIMAVERA',1921,1,'0000-00-00 00:00:00','0000-00-00 00:00:00'),
 (1174,'LA PRIMAVERA',7543,1,'0000-00-00 00:00:00','0000-00-00 00:00:00'),
 (1175,'LA PRIMITIVA',7630,1,'0000-00-00 00:00:00','0000-00-00 00:00:00'),
 (1176,'LA PROTECCION',7112,1,'0000-00-00 00:00:00','0000-00-00 00:00:00'),
 (1177,'LA PROTEGIDA',6561,1,'0000-00-00 00:00:00','0000-00-00 00:00:00'),
 (1178,'LA PROTEGIDA',7311,1,'0000-00-00 00:00:00','0000-00-00 00:00:00'),
 (1179,'LA PROTEGIDA',7311,1,'0000-00-00 00:00:00','0000-00-00 00:00:00'),
 (1180,'LA PROVIDENCIA',7403,1,'0000-00-00 00:00:00','0000-00-00 00:00:00'),
 (1181,'LA QUERENCIA',2912,1,'0000-00-00 00:00:00','0000-00-00 00:00:00'),
 (1182,'LA RABIA',6667,1,'0000-00-00 00:00:00','0000-00-00 00:00:00'),
 (1183,'LA RAZON',7260,1,'0000-00-00 00:00:00','0000-00-00 00:00:00'),
 (1184,'LA REFORMA',7110,1,'0000-00-00 00:00:00','0000-00-00 00:00:00'),
 (1185,'LA REFORMA',7130,1,'0000-00-00 00:00:00','0000-00-00 00:00:00'),
 (1186,'LA REFORMA',7245,1,'0000-00-00 00:00:00','0000-00-00 00:00:00'),
 (1187,'LA REFORMA',7603,1,'0000-00-00 00:00:00','0000-00-00 00:00:00'),
 (1188,'LA REJA',1744,1,'0000-00-00 00:00:00','0000-00-00 00:00:00'),
 (1189,'LA RESERVA',7536,1,'0000-00-00 00:00:00','0000-00-00 00:00:00'),
 (1190,'LA RICA',6623,1,'0000-00-00 00:00:00','0000-00-00 00:00:00'),
 (1191,'LA RINCONADA',7245,1,'0000-00-00 00:00:00','0000-00-00 00:00:00'),
 (1192,'LA ROSADA',2812,1,'0000-00-00 00:00:00','0000-00-00 00:00:00'),
 (1193,'LA ROSALIA',8187,1,'0000-00-00 00:00:00','0000-00-00 00:00:00'),
 (1194,'LA RUBIA',6667,1,'0000-00-00 00:00:00','0000-00-00 00:00:00'),
 (1195,'LA SALADA',1774,1,'0000-00-00 00:00:00','0000-00-00 00:00:00'),
 (1196,'LA SARA',6612,1,'0000-00-00 00:00:00','0000-00-00 00:00:00'),
 (1197,'LA SARA',7621,1,'0000-00-00 00:00:00','0000-00-00 00:00:00'),
 (1198,'LA SARITA',2751,1,'0000-00-00 00:00:00','0000-00-00 00:00:00'),
 (1199,'LA SAUDADE',8174,1,'0000-00-00 00:00:00','0000-00-00 00:00:00'),
 (1200,'LA SIRENA',8150,1,'0000-00-00 00:00:00','0000-00-00 00:00:00'),
 (1201,'LA SOBERANA',8154,1,'0000-00-00 00:00:00','0000-00-00 00:00:00'),
 (1202,'LA SOFIA',6535,1,'0000-00-00 00:00:00','0000-00-00 00:00:00'),
 (1203,'LA SOMBRA',8136,1,'0000-00-00 00:00:00','0000-00-00 00:00:00'),
 (1204,'LA SORTIJA',7517,1,'0000-00-00 00:00:00','0000-00-00 00:00:00'),
 (1205,'LA SUIZA',6050,1,'0000-00-00 00:00:00','0000-00-00 00:00:00'),
 (1206,'LA TABLADA',7163,1,'0000-00-00 00:00:00','0000-00-00 00:00:00'),
 (1207,'LA TALINA',1921,1,'0000-00-00 00:00:00','0000-00-00 00:00:00'),
 (1208,'LA TIGRA',7500,1,'0000-00-00 00:00:00','0000-00-00 00:00:00'),
 (1209,'LA TOBIANA',7174,1,'0000-00-00 00:00:00','0000-00-00 00:00:00'),
 (1210,'LA TOMASA',7403,1,'0000-00-00 00:00:00','0000-00-00 00:00:00'),
 (1211,'LA TORRECITA',6553,1,'0000-00-00 00:00:00','0000-00-00 00:00:00'),
 (1212,'LA TRIBU',6015,1,'0000-00-00 00:00:00','0000-00-00 00:00:00'),
 (1213,'LA TRIBU',6660,1,'0000-00-00 00:00:00','0000-00-00 00:00:00'),
 (1214,'LA TRINIDAD',6003,1,'0000-00-00 00:00:00','0000-00-00 00:00:00'),
 (1215,'LA UNION',1804,1,'0000-00-00 00:00:00','0000-00-00 00:00:00'),
 (1216,'LA UNION',7160,1,'0000-00-00 00:00:00','0000-00-00 00:00:00'),
 (1217,'LA VALEROSA',6601,1,'0000-00-00 00:00:00','0000-00-00 00:00:00'),
 (1218,'LA VANGUARDIA',2715,1,'0000-00-00 00:00:00','0000-00-00 00:00:00'),
 (1219,'LA VASCONGADA',8181,1,'0000-00-00 00:00:00','0000-00-00 00:00:00'),
 (1220,'LA VERDE',6601,1,'0000-00-00 00:00:00','0000-00-00 00:00:00'),
 (1221,'LA VERDE',7214,1,'0000-00-00 00:00:00','0000-00-00 00:00:00'),
 (1222,'LA VERDE',7223,1,'0000-00-00 00:00:00','0000-00-00 00:00:00'),
 (1223,'LA VICTORIA',7109,1,'0000-00-00 00:00:00','0000-00-00 00:00:00'),
 (1224,'LA VICTORIA',7225,1,'0000-00-00 00:00:00','0000-00-00 00:00:00'),
 (1225,'LA VICTORIA DESVIO',6627,1,'0000-00-00 00:00:00','0000-00-00 00:00:00'),
 (1226,'LA VIOLETA',2751,1,'0000-00-00 00:00:00','0000-00-00 00:00:00'),
 (1227,'LA VIRGINIA',8115,1,'0000-00-00 00:00:00','0000-00-00 00:00:00'),
 (1228,'LA VITICOLA',8122,1,'0000-00-00 00:00:00','0000-00-00 00:00:00'),
 (1229,'LA YESCA',6513,1,'0000-00-00 00:00:00','0000-00-00 00:00:00'),
 (1230,'LA ZANJA',6400,1,'0000-00-00 00:00:00','0000-00-00 00:00:00'),
 (1231,'LA ZARATE',6077,1,'0000-00-00 00:00:00','0000-00-00 00:00:00'),
 (1232,'LABARDEN',7161,1,'0000-00-00 00:00:00','0000-00-00 00:00:00'),
 (1233,'LAGO EPECUEN',6431,1,'0000-00-00 00:00:00','0000-00-00 00:00:00'),
 (1234,'LAGUNA ALSINA',6439,1,'0000-00-00 00:00:00','0000-00-00 00:00:00'),
 (1235,'LAGUNA BRAVA',7620,1,'0000-00-00 00:00:00','0000-00-00 00:00:00'),
 (1236,'LAGUNA CHASICO',8134,1,'0000-00-00 00:00:00','0000-00-00 00:00:00'),
 (1237,'LAGUNA DE GOMEZ',6001,1,'0000-00-00 00:00:00','0000-00-00 00:00:00'),
 (1238,'LAGUNA DE LOBOS',7240,1,'0000-00-00 00:00:00','0000-00-00 00:00:00'),
 (1239,'LAGUNA DE LOS PADRES',7601,1,'0000-00-00 00:00:00','0000-00-00 00:00:00'),
 (1240,'LAGUNA DEL CURA',6501,1,'0000-00-00 00:00:00','0000-00-00 00:00:00'),
 (1241,'LAGUNA DEL MONTE',6435,1,'0000-00-00 00:00:00','0000-00-00 00:00:00'),
 (1242,'LAGUNA DEL SOLDADO',7600,1,'0000-00-00 00:00:00','0000-00-00 00:00:00'),
 (1243,'LAGUNA LAS MULITAS',6660,1,'0000-00-00 00:00:00','0000-00-00 00:00:00'),
 (1244,'LAGUNA MEDINA',7214,1,'0000-00-00 00:00:00','0000-00-00 00:00:00'),
 (1245,'LAGUNA REDONDA',6400,1,'0000-00-00 00:00:00','0000-00-00 00:00:00'),
 (1246,'LANGUEYU',7151,1,'0000-00-00 00:00:00','0000-00-00 00:00:00'),
 (1247,'LANUS',1824,1,'0000-00-00 00:00:00','0000-00-00 00:00:00'),
 (1248,'LAPLACETTE',6013,1,'0000-00-00 00:00:00','0000-00-00 00:00:00'),
 (1249,'LAPRIDA',7414,1,'0000-00-00 00:00:00','0000-00-00 00:00:00'),
 (1250,'LARRAMENDY',6451,1,'0000-00-00 00:00:00','0000-00-00 00:00:00'),
 (1251,'LARREA',6634,1,'0000-00-00 00:00:00','0000-00-00 00:00:00'),
 (1252,'LARTIGAU',7531,1,'0000-00-00 00:00:00','0000-00-00 00:00:00'),
 (1253,'LAS ACHIRAS',7116,1,'0000-00-00 00:00:00','0000-00-00 00:00:00'),
 (1254,'LAS ARMAS',7172,1,'0000-00-00 00:00:00','0000-00-00 00:00:00'),
 (1255,'LAS BAHAMAS',2916,1,'0000-00-00 00:00:00','0000-00-00 00:00:00'),
 (1256,'LAS BANDURRIAS',7406,1,'0000-00-00 00:00:00','0000-00-00 00:00:00'),
 (1257,'LAS BRUSCAS',7130,1,'0000-00-00 00:00:00','0000-00-00 00:00:00'),
 (1258,'LAS CHACRAS',7241,1,'0000-00-00 00:00:00','0000-00-00 00:00:00'),
 (1259,'LAS CHILCAS',7116,1,'0000-00-00 00:00:00','0000-00-00 00:00:00'),
 (1260,'LAS CHILCAS',7174,1,'0000-00-00 00:00:00','0000-00-00 00:00:00'),
 (1261,'LAS CORTADERAS',7300,1,'0000-00-00 00:00:00','0000-00-00 00:00:00'),
 (1262,'LAS CORTADERAS',8504,1,'0000-00-00 00:00:00','0000-00-00 00:00:00'),
 (1263,'LAS CUATRO HERMANAS',6437,1,'0000-00-00 00:00:00','0000-00-00 00:00:00'),
 (1264,'LAS CUATRO PUERTAS',2741,1,'0000-00-00 00:00:00','0000-00-00 00:00:00'),
 (1265,'LAS ESCOBAS',8134,1,'0000-00-00 00:00:00','0000-00-00 00:00:00'),
 (1266,'LAS FLORES',2930,1,'0000-00-00 00:00:00','0000-00-00 00:00:00'),
 (1267,'LAS FLORES',7200,1,'0000-00-00 00:00:00','0000-00-00 00:00:00'),
 (1268,'LAS GUASQUITAS',6400,1,'0000-00-00 00:00:00','0000-00-00 00:00:00'),
 (1269,'LAS HERMANAS',7412,1,'0000-00-00 00:00:00','0000-00-00 00:00:00'),
 (1270,'LAS ISLETAS',8148,1,'0000-00-00 00:00:00','0000-00-00 00:00:00'),
 (1271,'LAS JUANITAS',6476,1,'0000-00-00 00:00:00','0000-00-00 00:00:00'),
 (1272,'LAS LOMAS',7603,1,'0000-00-00 00:00:00','0000-00-00 00:00:00'),
 (1273,'LAS MALVINAS',1748,1,'0000-00-00 00:00:00','0000-00-00 00:00:00'),
 (1274,'LAS MARIANAS',6607,1,'0000-00-00 00:00:00','0000-00-00 00:00:00'),
 (1275,'LAS MARTINETAS',7406,1,'0000-00-00 00:00:00','0000-00-00 00:00:00'),
 (1276,'LAS MERCEDES',6437,1,'0000-00-00 00:00:00','0000-00-00 00:00:00'),
 (1277,'LAS MOSTAZAS',7530,1,'0000-00-00 00:00:00','0000-00-00 00:00:00'),
 (1278,'LAS MULAS',7130,1,'0000-00-00 00:00:00','0000-00-00 00:00:00'),
 (1279,'LAS NEGRAS',6507,1,'0000-00-00 00:00:00','0000-00-00 00:00:00'),
 (1280,'LAS NIEVES',7316,1,'0000-00-00 00:00:00','0000-00-00 00:00:00'),
 (1281,'LAS NUTRIAS',7623,1,'0000-00-00 00:00:00','0000-00-00 00:00:00'),
 (1282,'LAS OSCURAS',8115,1,'0000-00-00 00:00:00','0000-00-00 00:00:00'),
 (1283,'LAS PAJAS',7150,1,'0000-00-00 00:00:00','0000-00-00 00:00:00'),
 (1284,'LAS PALMAS',2806,1,'0000-00-00 00:00:00','0000-00-00 00:00:00'),
 (1285,'LAS PARVAS',6022,1,'0000-00-00 00:00:00','0000-00-00 00:00:00'),
 (1286,'LAS PIEDRITAS',7400,1,'0000-00-00 00:00:00','0000-00-00 00:00:00'),
 (1287,'LAS PIEDRITAS',7605,1,'0000-00-00 00:00:00','0000-00-00 00:00:00'),
 (1288,'LAS ROSAS',6533,1,'0000-00-00 00:00:00','0000-00-00 00:00:00'),
 (1289,'LAS SALADAS',2707,1,'0000-00-00 00:00:00','0000-00-00 00:00:00'),
 (1290,'LAS SUIZAS',7007,1,'0000-00-00 00:00:00','0000-00-00 00:00:00'),
 (1291,'LAS SULTANAS',7151,1,'0000-00-00 00:00:00','0000-00-00 00:00:00'),
 (1292,'LAS TAHONAS',1921,1,'0000-00-00 00:00:00','0000-00-00 00:00:00'),
 (1293,'LAS TONINAS',7106,1,'0000-00-00 00:00:00','0000-00-00 00:00:00'),
 (1294,'LAS TORTUGAS',7116,1,'0000-00-00 00:00:00','0000-00-00 00:00:00'),
 (1295,'LAS TOSCAS',6453,1,'0000-00-00 00:00:00','0000-00-00 00:00:00'),
 (1296,'LAS TRES FLORES',6437,1,'0000-00-00 00:00:00','0000-00-00 00:00:00'),
 (1297,'LAS VAQUERIAS',7500,1,'0000-00-00 00:00:00','0000-00-00 00:00:00'),
 (1298,'LAS VIBORAS',7100,1,'0000-00-00 00:00:00','0000-00-00 00:00:00'),
 (1299,'LASTRA',7406,1,'0000-00-00 00:00:00','0000-00-00 00:00:00'),
 (1300,'LAZZARINO',7300,1,'0000-00-00 00:00:00','0000-00-00 00:00:00'),
 (1301,'LEANDRO N ALEM',6032,1,'0000-00-00 00:00:00','0000-00-00 00:00:00'),
 (1302,'LEGARISTI',7130,1,'0000-00-00 00:00:00','0000-00-00 00:00:00'),
 (1303,'LERTORA',6400,1,'0000-00-00 00:00:00','0000-00-00 00:00:00'),
 (1304,'LEUBUCO',6338,1,'0000-00-00 00:00:00','0000-00-00 00:00:00'),
 (1305,'LEZAMA',7116,1,'0000-00-00 00:00:00','0000-00-00 00:00:00'),
 (1306,'LEZICA Y TORREZURI',6700,1,'0000-00-00 00:00:00','0000-00-00 00:00:00'),
 (1307,'LIBANO',7407,1,'0000-00-00 00:00:00','0000-00-00 00:00:00'),
 (1308,'LIBERTAD',1716,1,'0000-00-00 00:00:00','0000-00-00 00:00:00'),
 (1309,'LIBRES DEL SUD',7135,1,'0000-00-00 00:00:00','0000-00-00 00:00:00'),
 (1310,'LICENCIADO MATIENZO',7007,1,'0000-00-00 00:00:00','0000-00-00 00:00:00'),
 (1311,'LIERRA ADJEMIRO',2718,1,'0000-00-00 00:00:00','0000-00-00 00:00:00'),
 (1312,'LIMA',2806,1,'0000-00-00 00:00:00','0000-00-00 00:00:00'),
 (1313,'LIN CALEL',7505,1,'0000-00-00 00:00:00','0000-00-00 00:00:00'),
 (1314,'LINCOLN',6070,1,'0000-00-00 00:00:00','0000-00-00 00:00:00'),
 (1315,'LISANDRO OLMOS ETCHEVERRY',1901,1,'0000-00-00 00:00:00','0000-00-00 00:00:00'),
 (1316,'LLAVALLOL',1836,1,'0000-00-00 00:00:00','0000-00-00 00:00:00'),
 (1317,'LOBERIA',7635,1,'0000-00-00 00:00:00','0000-00-00 00:00:00'),
 (1318,'LOBOS',7240,1,'0000-00-00 00:00:00','0000-00-00 00:00:00'),
 (1319,'LOMA DE SALOMON',7100,1,'0000-00-00 00:00:00','0000-00-00 00:00:00'),
 (1320,'LOMA DEL INDIO',7521,1,'0000-00-00 00:00:00','0000-00-00 00:00:00'),
 (1321,'LOMA HERMOSA',1657,1,'0000-00-00 00:00:00','0000-00-00 00:00:00'),
 (1322,'LOMA NEGRA',7203,1,'0000-00-00 00:00:00','0000-00-00 00:00:00'),
 (1323,'LOMA NEGRA',7403,1,'0000-00-00 00:00:00','0000-00-00 00:00:00'),
 (1324,'LOMA PARTIDA',7203,1,'0000-00-00 00:00:00','0000-00-00 00:00:00'),
 (1325,'LOMA VERDE',1625,1,'0000-00-00 00:00:00','0000-00-00 00:00:00'),
 (1326,'LOMA VERDE',1981,1,'0000-00-00 00:00:00','0000-00-00 00:00:00'),
 (1327,'LOMAS DE ZAMORA',1832,1,'0000-00-00 00:00:00','0000-00-00 00:00:00'),
 (1328,'LOMAS DEL MIRADOR',1752,1,'0000-00-00 00:00:00','0000-00-00 00:00:00'),
 (1329,'LOMAS DEL RIO LUJAN',2802,1,'0000-00-00 00:00:00','0000-00-00 00:00:00'),
 (1330,'LONGCHAMPS',1854,1,'0000-00-00 00:00:00','0000-00-00 00:00:00'),
 (1331,'LOPEZ',7021,1,'0000-00-00 00:00:00','0000-00-00 00:00:00'),
 (1332,'LOPEZ LECUBE',8117,1,'0000-00-00 00:00:00','0000-00-00 00:00:00'),
 (1333,'LOPEZ MOLINARI',2718,1,'0000-00-00 00:00:00','0000-00-00 00:00:00'),
 (1334,'LOS ALTOS',6075,1,'0000-00-00 00:00:00','0000-00-00 00:00:00'),
 (1335,'LOS ANGELES',2743,1,'0000-00-00 00:00:00','0000-00-00 00:00:00'),
 (1336,'LOS AROMOS',1816,1,'0000-00-00 00:00:00','0000-00-00 00:00:00'),
 (1337,'LOS BOSQUES',6018,1,'0000-00-00 00:00:00','0000-00-00 00:00:00'),
 (1338,'LOS CALDENES',6242,1,'0000-00-00 00:00:00','0000-00-00 00:00:00'),
 (1339,'LOS CALLEJONES',6062,1,'0000-00-00 00:00:00','0000-00-00 00:00:00'),
 (1340,'LOS CARDALES',2814,1,'0000-00-00 00:00:00','0000-00-00 00:00:00'),
 (1341,'LOS CARDOS',7620,1,'0000-00-00 00:00:00','0000-00-00 00:00:00'),
 (1342,'LOS CERRILLOS',7226,1,'0000-00-00 00:00:00','0000-00-00 00:00:00'),
 (1343,'LOS CERROS',7635,1,'0000-00-00 00:00:00','0000-00-00 00:00:00'),
 (1344,'LOS CHA',6475,1,'0000-00-00 00:00:00','0000-00-00 00:00:00'),
 (1345,'LOS CHUCAROS',7263,1,'0000-00-00 00:00:00','0000-00-00 00:00:00'),
 (1346,'LOS COLONIALES',6555,1,'0000-00-00 00:00:00','0000-00-00 00:00:00'),
 (1347,'LOS CUATRO CAMINOS',7263,1,'0000-00-00 00:00:00','0000-00-00 00:00:00'),
 (1348,'LOS EUCALIPTOS',7220,1,'0000-00-00 00:00:00','0000-00-00 00:00:00'),
 (1349,'LOS EUCALIPTUS CASCO URBANO',1895,1,'0000-00-00 00:00:00','0000-00-00 00:00:00'),
 (1350,'LOS GAUCHOS',6343,1,'0000-00-00 00:00:00','0000-00-00 00:00:00'),
 (1351,'LOS HUESOS',6015,1,'0000-00-00 00:00:00','0000-00-00 00:00:00'),
 (1352,'LOS INDIOS',2709,1,'0000-00-00 00:00:00','0000-00-00 00:00:00'),
 (1353,'LOS INDIOS',6451,1,'0000-00-00 00:00:00','0000-00-00 00:00:00'),
 (1354,'LOS LAURELES',6230,1,'0000-00-00 00:00:00','0000-00-00 00:00:00'),
 (1355,'LOS LEONES',7000,1,'0000-00-00 00:00:00','0000-00-00 00:00:00'),
 (1356,'LOS MERINOS',1980,1,'0000-00-00 00:00:00','0000-00-00 00:00:00'),
 (1357,'LOS MOLLES',7503,1,'0000-00-00 00:00:00','0000-00-00 00:00:00'),
 (1358,'LOS ORTIZ',7601,1,'0000-00-00 00:00:00','0000-00-00 00:00:00'),
 (1359,'LOS PATOS',7603,1,'0000-00-00 00:00:00','0000-00-00 00:00:00'),
 (1360,'LOS PINOS',7412,1,'0000-00-00 00:00:00','0000-00-00 00:00:00'),
 (1361,'LOS PINOS',7623,1,'0000-00-00 00:00:00','0000-00-00 00:00:00'),
 (1362,'LOS POLVORINES',1613,1,'0000-00-00 00:00:00','0000-00-00 00:00:00'),
 (1363,'LOS POZOS',8512,1,'0000-00-00 00:00:00','0000-00-00 00:00:00'),
 (1364,'LOS SANTOS VIEJOS',1921,1,'0000-00-00 00:00:00','0000-00-00 00:00:00'),
 (1365,'LOS TALAS',1923,1,'0000-00-00 00:00:00','0000-00-00 00:00:00'),
 (1366,'LOS TOLDOS',6015,1,'0000-00-00 00:00:00','0000-00-00 00:00:00'),
 (1367,'LOUGE',7545,1,'0000-00-00 00:00:00','0000-00-00 00:00:00'),
 (1368,'LOZANO',1741,1,'0000-00-00 00:00:00','0000-00-00 00:00:00'),
 (1369,'LUCAS MONTEVERDE',6661,1,'0000-00-00 00:00:00','0000-00-00 00:00:00'),
 (1370,'LUIS CHICO',1917,1,'0000-00-00 00:00:00','0000-00-00 00:00:00'),
 (1371,'LUIS GUILLON',1838,1,'0000-00-00 00:00:00','0000-00-00 00:00:00'),
 (1372,'LUJAN',6700,1,'0000-00-00 00:00:00','0000-00-00 00:00:00'),
 (1373,'LUMB',7639,1,'0000-00-00 00:00:00','0000-00-00 00:00:00'),
 (1374,'LURO',6439,1,'0000-00-00 00:00:00','0000-00-00 00:00:00'),
 (1375,'MACEDO',7169,1,'0000-00-00 00:00:00','0000-00-00 00:00:00'),
 (1376,'MAGALLANES',7151,1,'0000-00-00 00:00:00','0000-00-00 00:00:00'),
 (1377,'MAGDALA',6451,1,'0000-00-00 00:00:00','0000-00-00 00:00:00'),
 (1378,'MAGDALENA',1913,1,'0000-00-00 00:00:00','0000-00-00 00:00:00'),
 (1379,'MAGUIRRE',2718,1,'0000-00-00 00:00:00','0000-00-00 00:00:00'),
 (1380,'MAIPU',7160,1,'0000-00-00 00:00:00','0000-00-00 00:00:00'),
 (1381,'MALABIA',6443,1,'0000-00-00 00:00:00','0000-00-00 00:00:00'),
 (1382,'MALECON GARDELLA',7631,1,'0000-00-00 00:00:00','0000-00-00 00:00:00'),
 (1383,'MALVINAS ARGENTINAS',1846,1,'0000-00-00 00:00:00','0000-00-00 00:00:00'),
 (1384,'MAMAGUITA',6661,1,'0000-00-00 00:00:00','0000-00-00 00:00:00'),
 (1385,'MANANTIALES',2717,1,'0000-00-00 00:00:00','0000-00-00 00:00:00'),
 (1386,'MANANTIALES GRANDES',2700,1,'0000-00-00 00:00:00','0000-00-00 00:00:00'),
 (1387,'MANUEL ALBERTI',1667,1,'0000-00-00 00:00:00','0000-00-00 00:00:00'),
 (1388,'MANUEL B GONNET',1897,1,'0000-00-00 00:00:00','0000-00-00 00:00:00'),
 (1389,'MANUEL JOSE GARCIA',6608,1,'0000-00-00 00:00:00','0000-00-00 00:00:00'),
 (1390,'MANUEL OCAMPO',2713,1,'0000-00-00 00:00:00','0000-00-00 00:00:00'),
 (1391,'MANZANARES',1629,1,'0000-00-00 00:00:00','0000-00-00 00:00:00'),
 (1392,'MANZO Y NI',2718,1,'0000-00-00 00:00:00','0000-00-00 00:00:00'),
 (1393,'MANZONE',1633,1,'0000-00-00 00:00:00','0000-00-00 00:00:00'),
 (1394,'MAORI',7633,1,'0000-00-00 00:00:00','0000-00-00 00:00:00'),
 (1395,'MAPIS',6557,1,'0000-00-00 00:00:00','0000-00-00 00:00:00'),
 (1396,'MAQUINISTA F SAVIO',1619,1,'0000-00-00 00:00:00','0000-00-00 00:00:00'),
 (1397,'MAR AZUL',7165,1,'0000-00-00 00:00:00','0000-00-00 00:00:00'),
 (1398,'MAR CHIQUITA',7174,1,'0000-00-00 00:00:00','0000-00-00 00:00:00'),
 (1399,'MAR DE AJO',7109,1,'0000-00-00 00:00:00','0000-00-00 00:00:00'),
 (1400,'MAR DE COBO',7609,1,'0000-00-00 00:00:00','0000-00-00 00:00:00'),
 (1401,'MAR DE LAS PAMPAS',7165,1,'0000-00-00 00:00:00','0000-00-00 00:00:00'),
 (1402,'MAR DEL PLATA',7600,1,'0000-00-00 00:00:00','0000-00-00 00:00:00'),
 (1403,'MAR DEL SUD',7607,1,'0000-00-00 00:00:00','0000-00-00 00:00:00'),
 (1404,'MAR DEL TUYU',7108,1,'0000-00-00 00:00:00','0000-00-00 00:00:00'),
 (1405,'MARCELINO UGARTE',2741,1,'0000-00-00 00:00:00','0000-00-00 00:00:00'),
 (1406,'MARCOS PAZ',1727,1,'0000-00-00 00:00:00','0000-00-00 00:00:00'),
 (1407,'MARCOS PAZ B BERNASCONI',1727,1,'0000-00-00 00:00:00','0000-00-00 00:00:00'),
 (1408,'MARCOS PAZ B EL MARTILLO',1727,1,'0000-00-00 00:00:00','0000-00-00 00:00:00'),
 (1409,'MARCOS PAZ B EL MORO',1727,1,'0000-00-00 00:00:00','0000-00-00 00:00:00'),
 (1410,'MARCOS PAZ B EL ZORZAL',1727,1,'0000-00-00 00:00:00','0000-00-00 00:00:00'),
 (1411,'MARCOS PAZ B LA LONJA',1727,1,'0000-00-00 00:00:00','0000-00-00 00:00:00'),
 (1412,'MARCOS PAZ B LA MILAGROSA',1727,1,'0000-00-00 00:00:00','0000-00-00 00:00:00'),
 (1413,'MARCOS PAZ B MARTIN FIERRO',1727,1,'0000-00-00 00:00:00','0000-00-00 00:00:00'),
 (1414,'MARCOS PAZ B URIOSTE',1727,1,'0000-00-00 00:00:00','0000-00-00 00:00:00'),
 (1415,'MARI LAUQUEN',6400,1,'0000-00-00 00:00:00','0000-00-00 00:00:00'),
 (1416,'MARIA IGNACIA',7003,1,'0000-00-00 00:00:00','0000-00-00 00:00:00'),
 (1417,'MARIA LUCILA',6467,1,'0000-00-00 00:00:00','0000-00-00 00:00:00'),
 (1418,'MARIA P MORENO',6337,1,'0000-00-00 00:00:00','0000-00-00 00:00:00'),
 (1419,'MARIANO ACOSTA',1723,1,'0000-00-00 00:00:00','0000-00-00 00:00:00'),
 (1420,'MARIANO BENITEZ',2701,1,'0000-00-00 00:00:00','0000-00-00 00:00:00'),
 (1421,'MARIANO H ALFONZO',2718,1,'0000-00-00 00:00:00','0000-00-00 00:00:00'),
 (1422,'MARIANO ROLDAN',7517,1,'0000-00-00 00:00:00','0000-00-00 00:00:00'),
 (1423,'MARIANO UNZUE',6551,1,'0000-00-00 00:00:00','0000-00-00 00:00:00'),
 (1424,'MARISCAL SUCRE',6708,1,'0000-00-00 00:00:00','0000-00-00 00:00:00'),
 (1425,'MARTIN BERRAONDO',6667,1,'0000-00-00 00:00:00','0000-00-00 00:00:00'),
 (1426,'MARTIN CORONADO',1682,1,'0000-00-00 00:00:00','0000-00-00 00:00:00'),
 (1427,'MARTIN FIERRO',6400,1,'0000-00-00 00:00:00','0000-00-00 00:00:00'),
 (1428,'MARTIN FIERRO',7311,1,'0000-00-00 00:00:00','0000-00-00 00:00:00'),
 (1429,'MARTINEZ',1640,1,'0000-00-00 00:00:00','0000-00-00 00:00:00'),
 (1430,'MARUCHA',6451,1,'0000-00-00 00:00:00','0000-00-00 00:00:00'),
 (1431,'MASUREL',6438,1,'0000-00-00 00:00:00','0000-00-00 00:00:00'),
 (1432,'MATHEU',1627,1,'0000-00-00 00:00:00','0000-00-00 00:00:00'),
 (1433,'MAURAS',6555,1,'0000-00-00 00:00:00','0000-00-00 00:00:00'),
 (1434,'MAURICIO HIRSCH',6531,1,'0000-00-00 00:00:00','0000-00-00 00:00:00'),
 (1435,'MAXIMO FERNANDEZ',6645,1,'0000-00-00 00:00:00','0000-00-00 00:00:00'),
 (1436,'MAXIMO PAZ',1812,1,'0000-00-00 00:00:00','0000-00-00 00:00:00'),
 (1437,'MAYOR BURATOVICH',8146,1,'0000-00-00 00:00:00','0000-00-00 00:00:00'),
 (1438,'MAYOR JOSE ORELLANO',6053,1,'0000-00-00 00:00:00','0000-00-00 00:00:00'),
 (1439,'MAZA',6343,1,'0000-00-00 00:00:00','0000-00-00 00:00:00'),
 (1440,'MECHA',6648,1,'0000-00-00 00:00:00','0000-00-00 00:00:00'),
 (1441,'MECHITA',6648,1,'0000-00-00 00:00:00','0000-00-00 00:00:00'),
 (1442,'MECHONGUE',7605,1,'0000-00-00 00:00:00','0000-00-00 00:00:00'),
 (1443,'MEDALAND',7169,1,'0000-00-00 00:00:00','0000-00-00 00:00:00'),
 (1444,'MEDANO BLANCO',7630,1,'0000-00-00 00:00:00','0000-00-00 00:00:00'),
 (1445,'MEDANOS',8132,1,'0000-00-00 00:00:00','0000-00-00 00:00:00'),
 (1446,'MELCHOR ROMERO',1903,1,'0000-00-00 00:00:00','0000-00-00 00:00:00'),
 (1447,'MEMBRILLAR',6748,1,'0000-00-00 00:00:00','0000-00-00 00:00:00'),
 (1448,'MERCADO CENTRAL',1771,1,'0000-00-00 00:00:00','0000-00-00 00:00:00'),
 (1449,'MERCEDES',6600,1,'0000-00-00 00:00:00','0000-00-00 00:00:00'),
 (1450,'MERIDIANO VO',6239,1,'0000-00-00 00:00:00','0000-00-00 00:00:00'),
 (1451,'MERLO',1722,1,'0000-00-00 00:00:00','0000-00-00 00:00:00'),
 (1452,'MICAELA CASCALLARES',7507,1,'0000-00-00 00:00:00','0000-00-00 00:00:00'),
 (1453,'MINISTRO RIVADAVIA',1852,1,'0000-00-00 00:00:00','0000-00-00 00:00:00'),
 (1454,'MIRA PAMPA',6403,1,'0000-00-00 00:00:00','0000-00-00 00:00:00'),
 (1455,'MIRAMAR',7607,1,'0000-00-00 00:00:00','0000-00-00 00:00:00'),
 (1456,'MIRAMONTE',7214,1,'0000-00-00 00:00:00','0000-00-00 00:00:00'),
 (1457,'MIRANDA',7201,1,'0000-00-00 00:00:00','0000-00-00 00:00:00'),
 (1458,'MOCTEZUMA',6531,1,'0000-00-00 00:00:00','0000-00-00 00:00:00'),
 (1459,'MOLINO GALILEO',7020,1,'0000-00-00 00:00:00','0000-00-00 00:00:00'),
 (1460,'MOLL',6627,1,'0000-00-00 00:00:00','0000-00-00 00:00:00'),
 (1461,'MONASTERIO',7136,1,'0000-00-00 00:00:00','0000-00-00 00:00:00'),
 (1462,'MONES CAZON',6469,1,'0000-00-00 00:00:00','0000-00-00 00:00:00'),
 (1463,'MONROE',2743,1,'0000-00-00 00:00:00','0000-00-00 00:00:00'),
 (1464,'MONSALVO',7119,1,'0000-00-00 00:00:00','0000-00-00 00:00:00'),
 (1465,'MONTE CHINGOLO',1825,1,'0000-00-00 00:00:00','0000-00-00 00:00:00'),
 (1466,'MONTE CRESPO',7020,1,'0000-00-00 00:00:00','0000-00-00 00:00:00'),
 (1467,'MONTE FIORE',8185,1,'0000-00-00 00:00:00','0000-00-00 00:00:00'),
 (1468,'MONTE GRANDE',1842,1,'0000-00-00 00:00:00','0000-00-00 00:00:00'),
 (1469,'MONTE HERMOSO',8153,1,'0000-00-00 00:00:00','0000-00-00 00:00:00'),
 (1470,'MONTE VELOZ',1917,1,'0000-00-00 00:00:00','0000-00-00 00:00:00'),
 (1471,'MONTECARLO',7167,1,'0000-00-00 00:00:00','0000-00-00 00:00:00'),
 (1472,'MONTES DE OCA',8136,1,'0000-00-00 00:00:00','0000-00-00 00:00:00'),
 (1473,'MOORES',6230,1,'0000-00-00 00:00:00','0000-00-00 00:00:00'),
 (1474,'MOREA',6507,1,'0000-00-00 00:00:00','0000-00-00 00:00:00'),
 (1475,'MORENO',1744,1,'0000-00-00 00:00:00','0000-00-00 00:00:00'),
 (1476,'MORON',1708,1,'0000-00-00 00:00:00','0000-00-00 00:00:00'),
 (1477,'MORSE',6013,1,'0000-00-00 00:00:00','0000-00-00 00:00:00'),
 (1478,'MOURAS',6471,1,'0000-00-00 00:00:00','0000-00-00 00:00:00'),
 (1479,'MULCAHY',6501,1,'0000-00-00 00:00:00','0000-00-00 00:00:00'),
 (1480,'MU',1663,1,'0000-00-00 00:00:00','0000-00-00 00:00:00'),
 (1481,'MU',7404,1,'0000-00-00 00:00:00','0000-00-00 00:00:00'),
 (1482,'MUNRO',1605,1,'0000-00-00 00:00:00','0000-00-00 00:00:00'),
 (1483,'MUTTI',2909,1,'0000-00-00 00:00:00','0000-00-00 00:00:00'),
 (1484,'NAHUEL RUCA',7613,1,'0000-00-00 00:00:00','0000-00-00 00:00:00'),
 (1485,'NAPALEOFU',7007,1,'0000-00-00 00:00:00','0000-00-00 00:00:00'),
 (1486,'NAVARRO',6605,1,'0000-00-00 00:00:00','0000-00-00 00:00:00'),
 (1487,'NECOCHEA',7630,1,'0000-00-00 00:00:00','0000-00-00 00:00:00'),
 (1488,'NECOL ESTACION FCGM',6077,1,'0000-00-00 00:00:00','0000-00-00 00:00:00'),
 (1489,'NEWTON',7223,1,'0000-00-00 00:00:00','0000-00-00 00:00:00'),
 (1490,'NICANOR OLIVERA',7637,1,'0000-00-00 00:00:00','0000-00-00 00:00:00'),
 (1491,'NICOLAS DESCALZI',8151,1,'0000-00-00 00:00:00','0000-00-00 00:00:00'),
 (1492,'NICOLAS LEVALLE',8134,1,'0000-00-00 00:00:00','0000-00-00 00:00:00'),
 (1493,'NIEVES',7316,1,'0000-00-00 00:00:00','0000-00-00 00:00:00'),
 (1494,'NORBERTO DE LA RIESTRA',6663,1,'0000-00-00 00:00:00','0000-00-00 00:00:00'),
 (1495,'NORDELTA',1670,1,'0000-00-00 00:00:00','0000-00-00 00:00:00'),
 (1496,'NORUMBEGA',6501,1,'0000-00-00 00:00:00','0000-00-00 00:00:00'),
 (1497,'NUEVA ATLANTIS',7113,1,'0000-00-00 00:00:00','0000-00-00 00:00:00'),
 (1498,'NUEVA ESPA',6553,1,'0000-00-00 00:00:00','0000-00-00 00:00:00'),
 (1499,'NUEVA HERMOSURA',1907,1,'0000-00-00 00:00:00','0000-00-00 00:00:00'),
 (1500,'NUEVA PLATA',6451,1,'0000-00-00 00:00:00','0000-00-00 00:00:00'),
 (1501,'NUEVA ROMA',8117,1,'0000-00-00 00:00:00','0000-00-00 00:00:00'),
 (1502,'NUEVA SUIZA',6077,1,'0000-00-00 00:00:00','0000-00-00 00:00:00'),
 (1503,'O HIGGINS',6748,1,'0000-00-00 00:00:00','0000-00-00 00:00:00'),
 (1504,'OCHANDIO',7521,1,'0000-00-00 00:00:00','0000-00-00 00:00:00'),
 (1505,'ODORQUI',6537,1,'0000-00-00 00:00:00','0000-00-00 00:00:00'),
 (1506,'OLASCOAGA',6652,1,'0000-00-00 00:00:00','0000-00-00 00:00:00'),
 (1507,'OLAVARRIA',7400,1,'0000-00-00 00:00:00','0000-00-00 00:00:00'),
 (1508,'OLIDEN',1981,1,'0000-00-00 00:00:00','0000-00-00 00:00:00'),
 (1509,'OLIVEIRA CESAR',2931,1,'0000-00-00 00:00:00','0000-00-00 00:00:00'),
 (1510,'OLIVERA',6608,1,'0000-00-00 00:00:00','0000-00-00 00:00:00'),
 (1511,'OLIVOS',1636,1,'0000-00-00 00:00:00','0000-00-00 00:00:00'),
 (1512,'OMBU',7545,1,'0000-00-00 00:00:00','0000-00-00 00:00:00'),
 (1513,'OMBUCTA',8142,1,'0000-00-00 00:00:00','0000-00-00 00:00:00'),
 (1514,'OPEN DOOR',6708,1,'0000-00-00 00:00:00','0000-00-00 00:00:00'),
 (1515,'ORENSE',7503,1,'0000-00-00 00:00:00','0000-00-00 00:00:00'),
 (1516,'ORIENTE',7509,1,'0000-00-00 00:00:00','0000-00-00 00:00:00'),
 (1517,'ORLANDO',2812,1,'0000-00-00 00:00:00','0000-00-00 00:00:00'),
 (1518,'ORTIZ BASUALDO',2703,1,'0000-00-00 00:00:00','0000-00-00 00:00:00'),
 (1519,'ORTIZ DE ROSAS',6660,1,'0000-00-00 00:00:00','0000-00-00 00:00:00'),
 (1520,'OSTENDE',7167,1,'0000-00-00 00:00:00','0000-00-00 00:00:00'),
 (1521,'OTAMENDI',2802,1,'0000-00-00 00:00:00','0000-00-00 00:00:00'),
 (1522,'OTO',7545,1,'0000-00-00 00:00:00','0000-00-00 00:00:00'),
 (1523,'PABLO ACOSTA',7301,1,'0000-00-00 00:00:00','0000-00-00 00:00:00'),
 (1524,'PABLO NOGUES',1613,1,'0000-00-00 00:00:00','0000-00-00 00:00:00'),
 (1525,'PABLO PODESTA',1657,1,'0000-00-00 00:00:00','0000-00-00 00:00:00'),
 (1526,'PACHAN',7020,1,'0000-00-00 00:00:00','0000-00-00 00:00:00'),
 (1527,'PALANTELEN',6434,1,'0000-00-00 00:00:00','0000-00-00 00:00:00'),
 (1528,'PALEMON HUERGO',6628,1,'0000-00-00 00:00:00','0000-00-00 00:00:00'),
 (1529,'PALMITAS',7221,1,'0000-00-00 00:00:00','0000-00-00 00:00:00'),
 (1530,'PALO BLANCO',1923,1,'0000-00-00 00:00:00','0000-00-00 00:00:00'),
 (1531,'PANAME',2931,1,'0000-00-00 00:00:00','0000-00-00 00:00:00'),
 (1532,'PANCHO DIAZ',1921,1,'0000-00-00 00:00:00','0000-00-00 00:00:00'),
 (1533,'PAPIN',6411,1,'0000-00-00 00:00:00','0000-00-00 00:00:00'),
 (1534,'PARADA KILOMETRO 158',2935,1,'0000-00-00 00:00:00','0000-00-00 00:00:00'),
 (1535,'PARADA KILOMETRO 76',1739,1,'0000-00-00 00:00:00','0000-00-00 00:00:00'),
 (1536,'PARADA ROBLES',6703,1,'0000-00-00 00:00:00','0000-00-00 00:00:00'),
 (1537,'PARADA TATAY',6725,1,'0000-00-00 00:00:00','0000-00-00 00:00:00'),
 (1538,'PARAG',7412,1,'0000-00-00 00:00:00','0000-00-00 00:00:00'),
 (1539,'PARAJE FRA PAL',7530,1,'0000-00-00 00:00:00','0000-00-00 00:00:00'),
 (1540,'PARAJE LA AURORA',8158,1,'0000-00-00 00:00:00','0000-00-00 00:00:00'),
 (1541,'PARAJE LA VASCA',7100,1,'0000-00-00 00:00:00','0000-00-00 00:00:00'),
 (1542,'PARAJE MIRAMAR',6550,1,'0000-00-00 00:00:00','0000-00-00 00:00:00'),
 (1543,'PARAJE SANTA ANA',7540,1,'0000-00-00 00:00:00','0000-00-00 00:00:00'),
 (1544,'PARAJE SANTA ROSA',2711,1,'0000-00-00 00:00:00','0000-00-00 00:00:00'),
 (1545,'PARAJE STARACHE',1915,1,'0000-00-00 00:00:00','0000-00-00 00:00:00'),
 (1546,'PARDO',7212,1,'0000-00-00 00:00:00','0000-00-00 00:00:00'),
 (1547,'PARISH',7316,1,'0000-00-00 00:00:00','0000-00-00 00:00:00'),
 (1548,'PARQUE CARILO',7167,1,'0000-00-00 00:00:00','0000-00-00 00:00:00'),
 (1549,'PARQUE MU',7020,1,'0000-00-00 00:00:00','0000-00-00 00:00:00'),
 (1550,'PARQUE SAN MARTIN',1722,1,'0000-00-00 00:00:00','0000-00-00 00:00:00'),
 (1551,'PARQUE TAILLADE',7114,1,'0000-00-00 00:00:00','0000-00-00 00:00:00'),
 (1552,'PARRAVICHINI',7100,1,'0000-00-00 00:00:00','0000-00-00 00:00:00'),
 (1553,'PASMAN',7547,1,'0000-00-00 00:00:00','0000-00-00 00:00:00'),
 (1554,'PASO ALSINA',8142,1,'0000-00-00 00:00:00','0000-00-00 00:00:00'),
 (1555,'PASO CRAMER',8134,1,'0000-00-00 00:00:00','0000-00-00 00:00:00'),
 (1556,'PASO DEL MEDANO',7511,1,'0000-00-00 00:00:00','0000-00-00 00:00:00'),
 (1557,'PASO DEL REY',1742,1,'0000-00-00 00:00:00','0000-00-00 00:00:00'),
 (1558,'PASO MAYOR',8115,1,'0000-00-00 00:00:00','0000-00-00 00:00:00'),
 (1559,'PASOS',7163,1,'0000-00-00 00:00:00','0000-00-00 00:00:00'),
 (1560,'PASTEUR',6077,1,'0000-00-00 00:00:00','0000-00-00 00:00:00'),
 (1561,'PATRICIOS',6503,1,'0000-00-00 00:00:00','0000-00-00 00:00:00'),
 (1562,'PAULA',6557,1,'0000-00-00 00:00:00','0000-00-00 00:00:00'),
 (1563,'PAVON',2812,1,'0000-00-00 00:00:00','0000-00-00 00:00:00'),
 (1564,'PAYRO R',1913,1,'0000-00-00 00:00:00','0000-00-00 00:00:00'),
 (1565,'PAZOS KANKI',6058,1,'0000-00-00 00:00:00','0000-00-00 00:00:00'),
 (1566,'PEARSON',2711,1,'0000-00-00 00:00:00','0000-00-00 00:00:00'),
 (1567,'PEDERNALES',6665,1,'0000-00-00 00:00:00','0000-00-00 00:00:00'),
 (1568,'PEDRO GAMEN',6451,1,'0000-00-00 00:00:00','0000-00-00 00:00:00'),
 (1569,'PEDRO LASALLE',7515,1,'0000-00-00 00:00:00','0000-00-00 00:00:00'),
 (1570,'PEDRO LURO',8148,1,'0000-00-00 00:00:00','0000-00-00 00:00:00'),
 (1571,'PEDRO NICOLAS ESCRIBANO',7135,1,'0000-00-00 00:00:00','0000-00-00 00:00:00'),
 (1572,'PEHUAJO',6450,1,'0000-00-00 00:00:00','0000-00-00 00:00:00'),
 (1573,'PEHUELCHES',6409,1,'0000-00-00 00:00:00','0000-00-00 00:00:00'),
 (1574,'PEHUEN CO',8109,1,'0000-00-00 00:00:00','0000-00-00 00:00:00'),
 (1575,'PELICURA',8117,1,'0000-00-00 00:00:00','0000-00-00 00:00:00'),
 (1576,'PELLEGRINI',6346,1,'0000-00-00 00:00:00','0000-00-00 00:00:00'),
 (1577,'PE',7225,1,'0000-00-00 00:00:00','0000-00-00 00:00:00'),
 (1578,'PEREYRA',1894,1,'0000-00-00 00:00:00','0000-00-00 00:00:00'),
 (1579,'PEREYRA IRAOLA PARQUE',1894,1,'0000-00-00 00:00:00','0000-00-00 00:00:00'),
 (1580,'PEREZ MILLAN',2933,1,'0000-00-00 00:00:00','0000-00-00 00:00:00'),
 (1581,'PERGAMINO',2700,1,'0000-00-00 00:00:00','0000-00-00 00:00:00'),
 (1582,'PESSAGNO',7135,1,'0000-00-00 00:00:00','0000-00-00 00:00:00'),
 (1583,'PICHINCHA',6051,1,'0000-00-00 00:00:00','0000-00-00 00:00:00'),
 (1584,'PIEDRA ANCHA',8117,1,'0000-00-00 00:00:00','0000-00-00 00:00:00'),
 (1585,'PIEDRITAS',6241,1,'0000-00-00 00:00:00','0000-00-00 00:00:00'),
 (1586,'PIERES',7633,1,'0000-00-00 00:00:00','0000-00-00 00:00:00'),
 (1587,'PIERINI',7517,1,'0000-00-00 00:00:00','0000-00-00 00:00:00'),
 (1588,'PIGUE',8170,1,'0000-00-00 00:00:00','0000-00-00 00:00:00'),
 (1589,'PILA',7116,1,'0000-00-00 00:00:00','0000-00-00 00:00:00'),
 (1590,'PILAR',1629,1,'0000-00-00 00:00:00','0000-00-00 00:00:00'),
 (1591,'PILLAHUINCO',7530,1,'0000-00-00 00:00:00','0000-00-00 00:00:00'),
 (1592,'PINAMAR',7167,1,'0000-00-00 00:00:00','0000-00-00 00:00:00'),
 (1593,'PI',1921,1,'0000-00-00 00:00:00','0000-00-00 00:00:00'),
 (1594,'PI',1870,1,'0000-00-00 00:00:00','0000-00-00 00:00:00'),
 (1595,'PI',7540,1,'0000-00-00 00:00:00','0000-00-00 00:00:00'),
 (1596,'PINZON',2703,1,'0000-00-00 00:00:00','0000-00-00 00:00:00'),
 (1597,'PIPINAS',1921,1,'0000-00-00 00:00:00','0000-00-00 00:00:00'),
 (1598,'PIROVANO',6551,1,'0000-00-00 00:00:00','0000-00-00 00:00:00'),
 (1599,'PIRUCO',2705,1,'0000-00-00 00:00:00','0000-00-00 00:00:00'),
 (1600,'PLA',6634,1,'0000-00-00 00:00:00','0000-00-00 00:00:00'),
 (1601,'PLA Y RAGNONI',7607,1,'0000-00-00 00:00:00','0000-00-00 00:00:00'),
 (1602,'PLATANOS',1885,1,'0000-00-00 00:00:00','0000-00-00 00:00:00'),
 (1603,'PLAYA CHAPADMALAL',7609,1,'0000-00-00 00:00:00','0000-00-00 00:00:00'),
 (1604,'PLAYA LAS MARGARITAS',7109,1,'0000-00-00 00:00:00','0000-00-00 00:00:00'),
 (1605,'PLAZA MONTERO',7201,1,'0000-00-00 00:00:00','0000-00-00 00:00:00'),
 (1606,'PLOMER',1733,1,'0000-00-00 00:00:00','0000-00-00 00:00:00'),
 (1607,'PLUMACHO',2703,1,'0000-00-00 00:00:00','0000-00-00 00:00:00'),
 (1608,'POBLET',1905,1,'0000-00-00 00:00:00','0000-00-00 00:00:00'),
 (1609,'POCITO',6430,1,'0000-00-00 00:00:00','0000-00-00 00:00:00'),
 (1610,'POLVAREDAS',7267,1,'0000-00-00 00:00:00','0000-00-00 00:00:00'),
 (1611,'PONTAUT',7535,1,'0000-00-00 00:00:00','0000-00-00 00:00:00'),
 (1612,'PONTEVEDRA',1761,1,'0000-00-00 00:00:00','0000-00-00 00:00:00'),
 (1613,'PORVENIR',6063,1,'0000-00-00 00:00:00','0000-00-00 00:00:00'),
 (1614,'POURTALE',7404,1,'0000-00-00 00:00:00','0000-00-00 00:00:00'),
 (1615,'PRADERE JUAN A',6231,1,'0000-00-00 00:00:00','0000-00-00 00:00:00'),
 (1616,'PRESIDENTE DERQUI',1635,1,'0000-00-00 00:00:00','0000-00-00 00:00:00'),
 (1617,'PRESIDENTE QUINTANA',6621,1,'0000-00-00 00:00:00','0000-00-00 00:00:00'),
 (1618,'PRIMERA JUNTA',6422,1,'0000-00-00 00:00:00','0000-00-00 00:00:00'),
 (1619,'PUAN',8180,1,'0000-00-00 00:00:00','0000-00-00 00:00:00'),
 (1620,'PUEBLITOS',6661,1,'0000-00-00 00:00:00','0000-00-00 00:00:00'),
 (1621,'PUEBLO MARTINEZ DE HOZ',6533,1,'0000-00-00 00:00:00','0000-00-00 00:00:00'),
 (1622,'PUEBLO NUEVO',6000,1,'0000-00-00 00:00:00','0000-00-00 00:00:00'),
 (1623,'PUEBLO NUEVO',6700,1,'0000-00-00 00:00:00','0000-00-00 00:00:00'),
 (1624,'PUEBLO NUEVO',7400,1,'0000-00-00 00:00:00','0000-00-00 00:00:00'),
 (1625,'PUEBLO OTERO',2700,1,'0000-00-00 00:00:00','0000-00-00 00:00:00'),
 (1626,'PUEBLO SAN ESTEBAN',6450,1,'0000-00-00 00:00:00','0000-00-00 00:00:00'),
 (1627,'PUEBLO SAN JOSE',7541,1,'0000-00-00 00:00:00','0000-00-00 00:00:00'),
 (1628,'PUEBLO SANTA MARIA',7541,1,'0000-00-00 00:00:00','0000-00-00 00:00:00'),
 (1629,'PUENTE BATALLA',6620,1,'0000-00-00 00:00:00','0000-00-00 00:00:00'),
 (1630,'PUENTE CA',2740,1,'0000-00-00 00:00:00','0000-00-00 00:00:00'),
 (1631,'PUENTE CASTEX',2760,1,'0000-00-00 00:00:00','0000-00-00 00:00:00'),
 (1632,'PUENTE EL OCHENTA',7225,1,'0000-00-00 00:00:00','0000-00-00 00:00:00'),
 (1633,'PUERTO BELGRANO',8111,1,'0000-00-00 00:00:00','0000-00-00 00:00:00'),
 (1634,'PUERTO COLOMA',8142,1,'0000-00-00 00:00:00','0000-00-00 00:00:00'),
 (1635,'PUERTO DE ESCOBAR',1625,1,'0000-00-00 00:00:00','0000-00-00 00:00:00'),
 (1636,'PUERTO GALVAN',8000,1,'0000-00-00 00:00:00','0000-00-00 00:00:00'),
 (1637,'PUERTO LA PLATA',1925,1,'0000-00-00 00:00:00','0000-00-00 00:00:00'),
 (1638,'PUERTO NECOCHEA',7641,1,'0000-00-00 00:00:00','0000-00-00 00:00:00'),
 (1639,'PUERTO ROSALES',8111,1,'0000-00-00 00:00:00','0000-00-00 00:00:00'),
 (1640,'PUERTO TRES BONETES',8508,1,'0000-00-00 00:00:00','0000-00-00 00:00:00'),
 (1641,'PUERTO WASSERMANN',8506,1,'0000-00-00 00:00:00','0000-00-00 00:00:00'),
 (1642,'PUESTO DEL MEDIO',2763,1,'0000-00-00 00:00:00','0000-00-00 00:00:00'),
 (1643,'PUJOL',2907,1,'0000-00-00 00:00:00','0000-00-00 00:00:00'),
 (1644,'PUNTA ALTA',8109,1,'0000-00-00 00:00:00','0000-00-00 00:00:00'),
 (1645,'PUNTA DE CANAL',1623,1,'0000-00-00 00:00:00','0000-00-00 00:00:00'),
 (1646,'PUNTA INDIO',1917,1,'0000-00-00 00:00:00','0000-00-00 00:00:00'),
 (1647,'PUNTA LARA',1931,1,'0000-00-00 00:00:00','0000-00-00 00:00:00'),
 (1648,'PUNTA MEDANOS',7109,1,'0000-00-00 00:00:00','0000-00-00 00:00:00'),
 (1649,'QUENUMA',6335,1,'0000-00-00 00:00:00','0000-00-00 00:00:00'),
 (1650,'QUEQUEN',7631,1,'0000-00-00 00:00:00','0000-00-00 00:00:00'),
 (1651,'QUILCO',7406,1,'0000-00-00 00:00:00','0000-00-00 00:00:00'),
 (1652,'QUILMES',1878,1,'0000-00-00 00:00:00','0000-00-00 00:00:00'),
 (1653,'QUILMES OESTE',1879,1,'0000-00-00 00:00:00','0000-00-00 00:00:00'),
 (1654,'QUI',7533,1,'0000-00-00 00:00:00','0000-00-00 00:00:00'),
 (1655,'QUIRNO COSTA',6018,1,'0000-00-00 00:00:00','0000-00-00 00:00:00'),
 (1656,'QUIROGA',6533,1,'0000-00-00 00:00:00','0000-00-00 00:00:00'),
 (1657,'RAFAEL CALZADA',1847,1,'0000-00-00 00:00:00','0000-00-00 00:00:00'),
 (1658,'RAFAEL CASTILLO',1755,1,'0000-00-00 00:00:00','0000-00-00 00:00:00'),
 (1659,'RAFAEL OBLIGADO',6001,1,'0000-00-00 00:00:00','0000-00-00 00:00:00'),
 (1660,'RAMALLO',2915,1,'0000-00-00 00:00:00','0000-00-00 00:00:00'),
 (1661,'RAMON BIAUS',6627,1,'0000-00-00 00:00:00','0000-00-00 00:00:00'),
 (1662,'RAMON J NEILD',6533,1,'0000-00-00 00:00:00','0000-00-00 00:00:00'),
 (1663,'RAMON SANTAMARINA',7641,1,'0000-00-00 00:00:00','0000-00-00 00:00:00'),
 (1664,'RAMOS MEJIA',1704,1,'0000-00-00 00:00:00','0000-00-00 00:00:00'),
 (1665,'RAMOS OTERO',7621,1,'0000-00-00 00:00:00','0000-00-00 00:00:00'),
 (1666,'RANCAGUA',2701,1,'0000-00-00 00:00:00','0000-00-00 00:00:00'),
 (1667,'RANCHOS',1987,1,'0000-00-00 00:00:00','0000-00-00 00:00:00'),
 (1668,'RANELAGH',1886,1,'0000-00-00 00:00:00','0000-00-00 00:00:00'),
 (1669,'RAUCH',7203,1,'0000-00-00 00:00:00','0000-00-00 00:00:00'),
 (1670,'RAULET',7530,1,'0000-00-00 00:00:00','0000-00-00 00:00:00'),
 (1671,'RAWSON',6734,1,'0000-00-00 00:00:00','0000-00-00 00:00:00'),
 (1672,'REAL AUDIENCIA',7225,1,'0000-00-00 00:00:00','0000-00-00 00:00:00'),
 (1673,'RECALDE',6559,1,'0000-00-00 00:00:00','0000-00-00 00:00:00'),
 (1674,'REGINALDO J NEILD',6533,1,'0000-00-00 00:00:00','0000-00-00 00:00:00'),
 (1675,'REMEDIOS DE ESCALADA',1657,1,'0000-00-00 00:00:00','0000-00-00 00:00:00'),
 (1676,'REMEDIOS DE ESCALADA',1826,1,'0000-00-00 00:00:00','0000-00-00 00:00:00'),
 (1677,'REQUENA',7307,1,'0000-00-00 00:00:00','0000-00-00 00:00:00'),
 (1678,'RETA',7511,1,'0000-00-00 00:00:00','0000-00-00 00:00:00'),
 (1679,'RETIRO SAN PABLO',2752,1,'0000-00-00 00:00:00','0000-00-00 00:00:00'),
 (1680,'RICARDO GAVI',7313,1,'0000-00-00 00:00:00','0000-00-00 00:00:00'),
 (1681,'RICARDO ROJAS',1618,1,'0000-00-00 00:00:00','0000-00-00 00:00:00'),
 (1682,'RINCON DE BAUDRIX',7621,1,'0000-00-00 00:00:00','0000-00-00 00:00:00'),
 (1683,'RINCON DE MILBERG',1648,1,'0000-00-00 00:00:00','0000-00-00 00:00:00'),
 (1684,'RINCON DE NOARIO',1921,1,'0000-00-00 00:00:00','0000-00-00 00:00:00'),
 (1685,'RINCON DE VIVOT',7225,1,'0000-00-00 00:00:00','0000-00-00 00:00:00'),
 (1686,'RINCON NORTE',6605,1,'0000-00-00 00:00:00','0000-00-00 00:00:00'),
 (1687,'RIO TALA',2944,1,'0000-00-00 00:00:00','0000-00-00 00:00:00'),
 (1688,'RIVADAVIA',6237,1,'0000-00-00 00:00:00','0000-00-00 00:00:00'),
 (1689,'RIVADEO',8127,1,'0000-00-00 00:00:00','0000-00-00 00:00:00'),
 (1690,'RIVERA',6441,1,'0000-00-00 00:00:00','0000-00-00 00:00:00'),
 (1691,'ROBERTO CANO',2703,1,'0000-00-00 00:00:00','0000-00-00 00:00:00'),
 (1692,'ROBERTO PAYRO',1915,1,'0000-00-00 00:00:00','0000-00-00 00:00:00'),
 (1693,'ROBERTS',6075,1,'0000-00-00 00:00:00','0000-00-00 00:00:00'),
 (1694,'ROCHA',7404,1,'0000-00-00 00:00:00','0000-00-00 00:00:00'),
 (1695,'ROJAS',2705,1,'0000-00-00 00:00:00','0000-00-00 00:00:00'),
 (1696,'ROLITO ESTACION FCGB',6430,1,'0000-00-00 00:00:00','0000-00-00 00:00:00'),
 (1697,'ROMAN BAEZ',6612,1,'0000-00-00 00:00:00','0000-00-00 00:00:00'),
 (1698,'ROOSEVELT',6403,1,'0000-00-00 00:00:00','0000-00-00 00:00:00'),
 (1699,'ROQUE PEREZ',7245,1,'0000-00-00 00:00:00','0000-00-00 00:00:00'),
 (1700,'ROSAS',7205,1,'0000-00-00 00:00:00','0000-00-00 00:00:00'),
 (1701,'ROVIRA',6450,1,'0000-00-00 00:00:00','0000-00-00 00:00:00'),
 (1702,'RUIZ SOLIS',6720,1,'0000-00-00 00:00:00','0000-00-00 00:00:00'),
 (1703,'RUTA 11 KILOMETRO 23',1907,1,'0000-00-00 00:00:00','0000-00-00 00:00:00'),
 (1704,'RUTA 205 KILOMETRO 57',1816,1,'0000-00-00 00:00:00','0000-00-00 00:00:00'),
 (1705,'RUTA 3 KILOMETRO 75 700',1816,1,'0000-00-00 00:00:00','0000-00-00 00:00:00'),
 (1706,'RUTA 8 KILOMETRO 77',6703,1,'0000-00-00 00:00:00','0000-00-00 00:00:00'),
 (1707,'RUTA 9 KILOMETRO 169 5',2930,1,'0000-00-00 00:00:00','0000-00-00 00:00:00'),
 (1708,'RUTA 9 KILOMETRO 72',2804,1,'0000-00-00 00:00:00','0000-00-00 00:00:00'),
 (1709,'SAAVEDRA',8174,1,'0000-00-00 00:00:00','0000-00-00 00:00:00'),
 (1710,'SABBI',7303,1,'0000-00-00 00:00:00','0000-00-00 00:00:00'),
 (1711,'SAFORCADA',6022,1,'0000-00-00 00:00:00','0000-00-00 00:00:00'),
 (1712,'SALADA CHICA',7163,1,'0000-00-00 00:00:00','0000-00-00 00:00:00'),
 (1713,'SALADA GRANDE',7163,1,'0000-00-00 00:00:00','0000-00-00 00:00:00'),
 (1714,'SALADILLO',7260,1,'0000-00-00 00:00:00','0000-00-00 00:00:00'),
 (1715,'SALADILLO NORTE',7261,1,'0000-00-00 00:00:00','0000-00-00 00:00:00'),
 (1716,'SALAZAR',6471,1,'0000-00-00 00:00:00','0000-00-00 00:00:00'),
 (1717,'SALDUNGARAY',8166,1,'0000-00-00 00:00:00','0000-00-00 00:00:00'),
 (1718,'SALINA DE PIEDRA',8506,1,'0000-00-00 00:00:00','0000-00-00 00:00:00'),
 (1719,'SALINAS CHICAS',8134,1,'0000-00-00 00:00:00','0000-00-00 00:00:00'),
 (1720,'SALLIQUELO',6339,1,'0000-00-00 00:00:00','0000-00-00 00:00:00'),
 (1721,'SALTO',2741,1,'0000-00-00 00:00:00','0000-00-00 00:00:00'),
 (1722,'SALVADOR MARIA',7241,1,'0000-00-00 00:00:00','0000-00-00 00:00:00'),
 (1723,'SAMBOROMBON',1980,1,'0000-00-00 00:00:00','0000-00-00 00:00:00'),
 (1724,'SAN ADOLFO',8142,1,'0000-00-00 00:00:00','0000-00-00 00:00:00'),
 (1725,'SAN AGUSTIN',7623,1,'0000-00-00 00:00:00','0000-00-00 00:00:00');
INSERT INTO `preventista`.`localidades` VALUES  (1726,'SAN ALBERTO',7620,1,'0000-00-00 00:00:00','0000-00-00 00:00:00'),
 (1727,'SAN ANDRES',1651,1,'0000-00-00 00:00:00','0000-00-00 00:00:00'),
 (1728,'SAN ANDRES',6551,1,'0000-00-00 00:00:00','0000-00-00 00:00:00'),
 (1729,'SAN ANDRES',8180,1,'0000-00-00 00:00:00','0000-00-00 00:00:00'),
 (1730,'SAN ANDRES DE GILES',6720,1,'0000-00-00 00:00:00','0000-00-00 00:00:00'),
 (1731,'SAN ANDRES DE TAPALQUE',7305,1,'0000-00-00 00:00:00','0000-00-00 00:00:00'),
 (1732,'SAN ANTONIO',7116,1,'0000-00-00 00:00:00','0000-00-00 00:00:00'),
 (1733,'SAN ANTONIO',8185,1,'0000-00-00 00:00:00','0000-00-00 00:00:00'),
 (1734,'SAN ANTONIO DE ARECO',2760,1,'0000-00-00 00:00:00','0000-00-00 00:00:00'),
 (1735,'SAN ANTONIO DE PADUA',1718,1,'0000-00-00 00:00:00','0000-00-00 00:00:00'),
 (1736,'SAN BENITO',7261,1,'0000-00-00 00:00:00','0000-00-00 00:00:00'),
 (1737,'SAN BERNARDO',6476,1,'0000-00-00 00:00:00','0000-00-00 00:00:00'),
 (1738,'SAN BERNARDO',6561,1,'0000-00-00 00:00:00','0000-00-00 00:00:00'),
 (1739,'SAN BERNARDO DEL TUYU',7111,1,'0000-00-00 00:00:00','0000-00-00 00:00:00'),
 (1740,'SAN CALA',7011,1,'0000-00-00 00:00:00','0000-00-00 00:00:00'),
 (1741,'SAN CARLOS',6451,1,'0000-00-00 00:00:00','0000-00-00 00:00:00'),
 (1742,'SAN CAYETANO',7521,1,'0000-00-00 00:00:00','0000-00-00 00:00:00'),
 (1743,'SAN CLEMENTE DEL TUYU',7105,1,'0000-00-00 00:00:00','0000-00-00 00:00:00'),
 (1744,'SAN CORNELIO',7603,1,'0000-00-00 00:00:00','0000-00-00 00:00:00'),
 (1745,'SAN DANIEL',7116,1,'0000-00-00 00:00:00','0000-00-00 00:00:00'),
 (1746,'SAN EDUARDO DEL MAR',7607,1,'0000-00-00 00:00:00','0000-00-00 00:00:00'),
 (1747,'SAN ELADIO',6601,1,'0000-00-00 00:00:00','0000-00-00 00:00:00'),
 (1748,'SAN EMILIO',6017,1,'0000-00-00 00:00:00','0000-00-00 00:00:00'),
 (1749,'SAN EMILIO',8136,1,'0000-00-00 00:00:00','0000-00-00 00:00:00'),
 (1750,'SAN ENRIQUE',6661,1,'0000-00-00 00:00:00','0000-00-00 00:00:00'),
 (1751,'SAN ENRIQUE',7116,1,'0000-00-00 00:00:00','0000-00-00 00:00:00'),
 (1752,'SAN ERNESTO',6725,1,'0000-00-00 00:00:00','0000-00-00 00:00:00'),
 (1753,'SAN FEDERICO',2711,1,'0000-00-00 00:00:00','0000-00-00 00:00:00'),
 (1754,'SAN FELIPE',7603,1,'0000-00-00 00:00:00','0000-00-00 00:00:00'),
 (1755,'SAN FERMIN',6417,1,'0000-00-00 00:00:00','0000-00-00 00:00:00'),
 (1756,'SAN FERNANDO',1646,1,'0000-00-00 00:00:00','0000-00-00 00:00:00'),
 (1757,'SAN FRANCISCO DE BELLOCQ',7505,1,'0000-00-00 00:00:00','0000-00-00 00:00:00'),
 (1758,'SAN FRANCISCO SOLANO',1846,1,'0000-00-00 00:00:00','0000-00-00 00:00:00'),
 (1759,'SAN FRANCISCO SOLANO',1881,1,'0000-00-00 00:00:00','0000-00-00 00:00:00'),
 (1760,'SAN GERMAN',8124,1,'0000-00-00 00:00:00','0000-00-00 00:00:00'),
 (1761,'SAN GERVACIO',7305,1,'0000-00-00 00:00:00','0000-00-00 00:00:00'),
 (1762,'SAN IGNACIO',7151,1,'0000-00-00 00:00:00','0000-00-00 00:00:00'),
 (1763,'SAN ISIDRO',1642,1,'0000-00-00 00:00:00','0000-00-00 00:00:00'),
 (1764,'SAN JACINTO',6600,1,'0000-00-00 00:00:00','0000-00-00 00:00:00'),
 (1765,'SAN JACINTO',7400,1,'0000-00-00 00:00:00','0000-00-00 00:00:00'),
 (1766,'SAN JORGE',7404,1,'0000-00-00 00:00:00','0000-00-00 00:00:00'),
 (1767,'SAN JOSE',1846,1,'0000-00-00 00:00:00','0000-00-00 00:00:00'),
 (1768,'SAN JOSE',6643,1,'0000-00-00 00:00:00','0000-00-00 00:00:00'),
 (1769,'SAN JOSE',6665,1,'0000-00-00 00:00:00','0000-00-00 00:00:00'),
 (1770,'SAN JOSE',7203,1,'0000-00-00 00:00:00','0000-00-00 00:00:00'),
 (1771,'SAN JOSE',7635,1,'0000-00-00 00:00:00','0000-00-00 00:00:00'),
 (1772,'SAN JOSE',8136,1,'0000-00-00 00:00:00','0000-00-00 00:00:00'),
 (1773,'SAN JOSE DE GALI',7114,1,'0000-00-00 00:00:00','0000-00-00 00:00:00'),
 (1774,'SAN JOSE DE LOS QUINTEROS',7109,1,'0000-00-00 00:00:00','0000-00-00 00:00:00'),
 (1775,'SAN JOSE DE OTAMENDI',7601,1,'0000-00-00 00:00:00','0000-00-00 00:00:00'),
 (1776,'SAN JUAN',2754,1,'0000-00-00 00:00:00','0000-00-00 00:00:00'),
 (1777,'SAN JUAN',6500,1,'0000-00-00 00:00:00','0000-00-00 00:00:00'),
 (1778,'SAN JUAN',7401,1,'0000-00-00 00:00:00','0000-00-00 00:00:00'),
 (1779,'SAN JUAN DE NELSON',6530,1,'0000-00-00 00:00:00','0000-00-00 00:00:00'),
 (1780,'SAN JULIAN',7613,1,'0000-00-00 00:00:00','0000-00-00 00:00:00'),
 (1781,'SAN JUSTO',1754,1,'0000-00-00 00:00:00','0000-00-00 00:00:00'),
 (1782,'SAN JUSTO',7118,1,'0000-00-00 00:00:00','0000-00-00 00:00:00'),
 (1783,'SAN LAUREANO',7150,1,'0000-00-00 00:00:00','0000-00-00 00:00:00'),
 (1784,'SAN MANUEL',7007,1,'0000-00-00 00:00:00','0000-00-00 00:00:00'),
 (1785,'SAN MARTIN DE TOURS',8164,1,'0000-00-00 00:00:00','0000-00-00 00:00:00'),
 (1786,'SAN MAURICIO',6239,1,'0000-00-00 00:00:00','0000-00-00 00:00:00'),
 (1787,'SAN MAYOL',7519,1,'0000-00-00 00:00:00','0000-00-00 00:00:00'),
 (1788,'SAN MIGUEL',1663,1,'0000-00-00 00:00:00','0000-00-00 00:00:00'),
 (1789,'SAN MIGUEL ARCANGEL',8185,1,'0000-00-00 00:00:00','0000-00-00 00:00:00'),
 (1790,'SAN MIGUEL DEL MONTE',7220,1,'0000-00-00 00:00:00','0000-00-00 00:00:00'),
 (1791,'SAN MIGUEL DEL MORO',7631,1,'0000-00-00 00:00:00','0000-00-00 00:00:00'),
 (1792,'SAN NICOLAS DE LOS ARROYOS',2900,1,'0000-00-00 00:00:00','0000-00-00 00:00:00'),
 (1793,'SAN PASCUAL',7007,1,'0000-00-00 00:00:00','0000-00-00 00:00:00'),
 (1794,'SAN PATRICIO',6734,1,'0000-00-00 00:00:00','0000-00-00 00:00:00'),
 (1795,'SAN PEDRO',2930,1,'0000-00-00 00:00:00','0000-00-00 00:00:00'),
 (1796,'SAN QUILCO',7406,1,'0000-00-00 00:00:00','0000-00-00 00:00:00'),
 (1797,'SAN RAFAEL',7130,1,'0000-00-00 00:00:00','0000-00-00 00:00:00'),
 (1798,'SAN RAMON',2754,1,'0000-00-00 00:00:00','0000-00-00 00:00:00'),
 (1799,'SAN RAMON',6424,1,'0000-00-00 00:00:00','0000-00-00 00:00:00'),
 (1800,'SAN RAMON',8150,1,'0000-00-00 00:00:00','0000-00-00 00:00:00'),
 (1801,'SAN RAMON DE ANCHORENA',7311,1,'0000-00-00 00:00:00','0000-00-00 00:00:00'),
 (1802,'SAN ROMAN',8154,1,'0000-00-00 00:00:00','0000-00-00 00:00:00'),
 (1803,'SAN ROQUE',6017,1,'0000-00-00 00:00:00','0000-00-00 00:00:00'),
 (1804,'SAN SEBASTIAN',6623,1,'0000-00-00 00:00:00','0000-00-00 00:00:00'),
 (1805,'SAN SEVERO',7521,1,'0000-00-00 00:00:00','0000-00-00 00:00:00'),
 (1806,'SAN SIMON',7621,1,'0000-00-00 00:00:00','0000-00-00 00:00:00'),
 (1807,'SAN VALENTIN',7613,1,'0000-00-00 00:00:00','0000-00-00 00:00:00'),
 (1808,'SAN VICENTE',1865,1,'0000-00-00 00:00:00','0000-00-00 00:00:00'),
 (1809,'SANSINENA',6233,1,'0000-00-00 00:00:00','0000-00-00 00:00:00'),
 (1810,'SANTA ALICIA',7243,1,'0000-00-00 00:00:00','0000-00-00 00:00:00'),
 (1811,'SANTA CATALINA',7503,1,'0000-00-00 00:00:00','0000-00-00 00:00:00'),
 (1812,'SANTA CECILIA CENTRO',6463,1,'0000-00-00 00:00:00','0000-00-00 00:00:00'),
 (1813,'SANTA CECILIA NORTE',6472,1,'0000-00-00 00:00:00','0000-00-00 00:00:00'),
 (1814,'SANTA CECILIA SUD',6450,1,'0000-00-00 00:00:00','0000-00-00 00:00:00'),
 (1815,'SANTA CLARA DEL MAR',7609,1,'0000-00-00 00:00:00','0000-00-00 00:00:00'),
 (1816,'SANTA CLEMENTINA',7406,1,'0000-00-00 00:00:00','0000-00-00 00:00:00'),
 (1817,'SANTA COLOMA',2761,1,'0000-00-00 00:00:00','0000-00-00 00:00:00'),
 (1818,'SANTA ELENA',6700,1,'0000-00-00 00:00:00','0000-00-00 00:00:00'),
 (1819,'SANTA ELENA',7414,1,'0000-00-00 00:00:00','0000-00-00 00:00:00'),
 (1820,'SANTA ELENA',7609,1,'0000-00-00 00:00:00','0000-00-00 00:00:00'),
 (1821,'SANTA ELEODORA',6241,1,'0000-00-00 00:00:00','0000-00-00 00:00:00'),
 (1822,'SANTA FELICIA',7243,1,'0000-00-00 00:00:00','0000-00-00 00:00:00'),
 (1823,'SANTA INES',6459,1,'0000-00-00 00:00:00','0000-00-00 00:00:00'),
 (1824,'SANTA INES',6471,1,'0000-00-00 00:00:00','0000-00-00 00:00:00'),
 (1825,'SANTA IRENE',7607,1,'0000-00-00 00:00:00','0000-00-00 00:00:00'),
 (1826,'SANTA ISABEL',6550,1,'0000-00-00 00:00:00','0000-00-00 00:00:00'),
 (1827,'SANTA LUCIA',2935,1,'0000-00-00 00:00:00','0000-00-00 00:00:00'),
 (1828,'SANTA LUISA',7401,1,'0000-00-00 00:00:00','0000-00-00 00:00:00'),
 (1829,'SANTA MARIA',6071,1,'0000-00-00 00:00:00','0000-00-00 00:00:00'),
 (1830,'SANTA MARIA BELLOQ',6535,1,'0000-00-00 00:00:00','0000-00-00 00:00:00'),
 (1831,'SANTA REGINA',6105,1,'0000-00-00 00:00:00','0000-00-00 00:00:00'),
 (1832,'SANTA RITA',2700,1,'0000-00-00 00:00:00','0000-00-00 00:00:00'),
 (1833,'SANTA RITA PDO GUAMINI',6437,1,'0000-00-00 00:00:00','0000-00-00 00:00:00'),
 (1834,'SANTA ROSA',1739,1,'0000-00-00 00:00:00','0000-00-00 00:00:00'),
 (1835,'SANTA ROSA',1888,1,'0000-00-00 00:00:00','0000-00-00 00:00:00'),
 (1836,'SANTA ROSA',7303,1,'0000-00-00 00:00:00','0000-00-00 00:00:00'),
 (1837,'SANTA ROSA DE MINELLONO',7212,1,'0000-00-00 00:00:00','0000-00-00 00:00:00'),
 (1838,'SANTA TERESA',2912,1,'0000-00-00 00:00:00','0000-00-00 00:00:00'),
 (1839,'SANTA TERESA',7163,1,'0000-00-00 00:00:00','0000-00-00 00:00:00'),
 (1840,'SANTA TERESITA',7107,1,'0000-00-00 00:00:00','0000-00-00 00:00:00'),
 (1841,'SANTA TERESITA PERGAMINO',2701,1,'0000-00-00 00:00:00','0000-00-00 00:00:00'),
 (1842,'SANTA TRINIDAD',7541,1,'0000-00-00 00:00:00','0000-00-00 00:00:00'),
 (1843,'SANTIAGO GARBARINI',6660,1,'0000-00-00 00:00:00','0000-00-00 00:00:00'),
 (1844,'SANTIAGO LARRE',7245,1,'0000-00-00 00:00:00','0000-00-00 00:00:00'),
 (1845,'SANTO DOMINGO',7119,1,'0000-00-00 00:00:00','0000-00-00 00:00:00'),
 (1846,'SANTO TOMAS',6530,1,'0000-00-00 00:00:00','0000-00-00 00:00:00'),
 (1847,'SANTO TOMAS CHICO',6538,1,'0000-00-00 00:00:00','0000-00-00 00:00:00'),
 (1848,'SANTOS LUGARES',1676,1,'0000-00-00 00:00:00','0000-00-00 00:00:00'),
 (1849,'SANTOS UNZUE',6507,1,'0000-00-00 00:00:00','0000-00-00 00:00:00'),
 (1850,'SARANDI',1872,1,'0000-00-00 00:00:00','0000-00-00 00:00:00'),
 (1851,'SARASA',2721,1,'0000-00-00 00:00:00','0000-00-00 00:00:00'),
 (1852,'SATURNO',6417,1,'0000-00-00 00:00:00','0000-00-00 00:00:00'),
 (1853,'SAUCE CHICO',8105,1,'0000-00-00 00:00:00','0000-00-00 00:00:00'),
 (1854,'SAUCE CORTO',7540,1,'0000-00-00 00:00:00','0000-00-00 00:00:00'),
 (1855,'SAUCE GRANDE',8150,1,'0000-00-00 00:00:00','0000-00-00 00:00:00'),
 (1856,'SAUCE GRANDE',8150,1,'0000-00-00 00:00:00','0000-00-00 00:00:00'),
 (1857,'SAUZALES',6030,1,'0000-00-00 00:00:00','0000-00-00 00:00:00'),
 (1858,'SEGUROLA',7119,1,'0000-00-00 00:00:00','0000-00-00 00:00:00'),
 (1859,'SEMINARIO PIO XII',6600,1,'0000-00-00 00:00:00','0000-00-00 00:00:00'),
 (1860,'SEVIGNE',7101,1,'0000-00-00 00:00:00','0000-00-00 00:00:00'),
 (1861,'SHAW',7316,1,'0000-00-00 00:00:00','0000-00-00 00:00:00'),
 (1862,'SIEMPRE VERDE',7609,1,'0000-00-00 00:00:00','0000-00-00 00:00:00'),
 (1863,'SIERRA CHICA',7401,1,'0000-00-00 00:00:00','0000-00-00 00:00:00'),
 (1864,'SIERRA DE LA VENTANA',8168,1,'0000-00-00 00:00:00','0000-00-00 00:00:00'),
 (1865,'SIERRA DE LOS PADRES',7601,1,'0000-00-00 00:00:00','0000-00-00 00:00:00'),
 (1866,'SIERRAS BAYAS',7403,1,'0000-00-00 00:00:00','0000-00-00 00:00:00'),
 (1867,'SMITH',6531,1,'0000-00-00 00:00:00','0000-00-00 00:00:00'),
 (1868,'SOL DE MAYO',2709,1,'0000-00-00 00:00:00','0000-00-00 00:00:00'),
 (1869,'SOL DE MAYO',7243,1,'0000-00-00 00:00:00','0000-00-00 00:00:00'),
 (1870,'SOLALE',6064,1,'0000-00-00 00:00:00','0000-00-00 00:00:00'),
 (1871,'SOLANET',7151,1,'0000-00-00 00:00:00','0000-00-00 00:00:00'),
 (1872,'SOLIS',2764,1,'0000-00-00 00:00:00','0000-00-00 00:00:00'),
 (1873,'SOURIGUES',1885,1,'0000-00-00 00:00:00','0000-00-00 00:00:00'),
 (1874,'SPERATTI',1741,1,'0000-00-00 00:00:00','0000-00-00 00:00:00'),
 (1875,'SPERONI',7163,1,'0000-00-00 00:00:00','0000-00-00 00:00:00'),
 (1876,'SPURR',8103,1,'0000-00-00 00:00:00','0000-00-00 00:00:00'),
 (1877,'STEGMANN',7536,1,'0000-00-00 00:00:00','0000-00-00 00:00:00'),
 (1878,'STROEDER',8508,1,'0000-00-00 00:00:00','0000-00-00 00:00:00'),
 (1879,'SUCRE',6708,1,'0000-00-00 00:00:00','0000-00-00 00:00:00'),
 (1880,'SUIPACHA',6612,1,'0000-00-00 00:00:00','0000-00-00 00:00:00'),
 (1881,'SUNDBLAD',6401,1,'0000-00-00 00:00:00','0000-00-00 00:00:00'),
 (1882,'TABLADA',1766,1,'0000-00-00 00:00:00','0000-00-00 00:00:00'),
 (1883,'TACUARI',2743,1,'0000-00-00 00:00:00','0000-00-00 00:00:00'),
 (1884,'TAMANGUEYU',7633,1,'0000-00-00 00:00:00','0000-00-00 00:00:00'),
 (1885,'TAMBO NUEVO',2700,1,'0000-00-00 00:00:00','0000-00-00 00:00:00'),
 (1886,'TANDIL',7000,1,'0000-00-00 00:00:00','0000-00-00 00:00:00'),
 (1887,'TAPALQUE',7303,1,'0000-00-00 00:00:00','0000-00-00 00:00:00'),
 (1888,'TAPIALES',1770,1,'0000-00-00 00:00:00','0000-00-00 00:00:00'),
 (1889,'TATAY',6721,1,'0000-00-00 00:00:00','0000-00-00 00:00:00'),
 (1890,'TEDIN URIBURU',7021,1,'0000-00-00 00:00:00','0000-00-00 00:00:00'),
 (1891,'TEJO GALETA',7530,1,'0000-00-00 00:00:00','0000-00-00 00:00:00'),
 (1892,'TEMPERLEY',1834,1,'0000-00-00 00:00:00','0000-00-00 00:00:00'),
 (1893,'TENIENTE CORONEL MI',7401,1,'0000-00-00 00:00:00','0000-00-00 00:00:00'),
 (1894,'TENIENTE ORIGONE',8144,1,'0000-00-00 00:00:00','0000-00-00 00:00:00'),
 (1895,'TERMAS LOS GAUCHOS',8504,1,'0000-00-00 00:00:00','0000-00-00 00:00:00'),
 (1896,'THAMES',6343,1,'0000-00-00 00:00:00','0000-00-00 00:00:00'),
 (1897,'TIGRE',1648,1,'0000-00-00 00:00:00','0000-00-00 00:00:00'),
 (1898,'TIMOTE',6457,1,'0000-00-00 00:00:00','0000-00-00 00:00:00'),
 (1899,'TIO DOMINGO',7163,1,'0000-00-00 00:00:00','0000-00-00 00:00:00'),
 (1900,'TODD',2754,1,'0000-00-00 00:00:00','0000-00-00 00:00:00'),
 (1901,'TOLDOS VIEJOS',7267,1,'0000-00-00 00:00:00','0000-00-00 00:00:00'),
 (1902,'TOMAS JOFRE',6601,1,'0000-00-00 00:00:00','0000-00-00 00:00:00'),
 (1903,'TORDILLO',7101,1,'0000-00-00 00:00:00','0000-00-00 00:00:00'),
 (1904,'TORNQUIST',8160,1,'0000-00-00 00:00:00','0000-00-00 00:00:00'),
 (1905,'TORO',1635,1,'0000-00-00 00:00:00','0000-00-00 00:00:00'),
 (1906,'TORRES',6703,1,'0000-00-00 00:00:00','0000-00-00 00:00:00'),
 (1907,'TORTUGUITAS',1667,1,'0000-00-00 00:00:00','0000-00-00 00:00:00'),
 (1908,'TRENQUE LAUQUEN',6400,1,'0000-00-00 00:00:00','0000-00-00 00:00:00'),
 (1909,'TRES ALGARROBOS',6231,1,'0000-00-00 00:00:00','0000-00-00 00:00:00'),
 (1910,'TRES ARROYOS',7500,1,'0000-00-00 00:00:00','0000-00-00 00:00:00'),
 (1911,'TRES CUERVOS',8183,1,'0000-00-00 00:00:00','0000-00-00 00:00:00'),
 (1912,'TRES LAGUNAS',6443,1,'0000-00-00 00:00:00','0000-00-00 00:00:00'),
 (1913,'TRES LEGUAS',7100,1,'0000-00-00 00:00:00','0000-00-00 00:00:00'),
 (1914,'TRES LOMAS',6409,1,'0000-00-00 00:00:00','0000-00-00 00:00:00'),
 (1915,'TRES PICOS',8162,1,'0000-00-00 00:00:00','0000-00-00 00:00:00'),
 (1916,'TRES SARGENTOS',6727,1,'0000-00-00 00:00:00','0000-00-00 00:00:00'),
 (1917,'TRIGALES',6053,1,'0000-00-00 00:00:00','0000-00-00 00:00:00'),
 (1918,'TRISTAN SUAREZ',1806,1,'0000-00-00 00:00:00','0000-00-00 00:00:00'),
 (1919,'TRIUNVIRATO',6071,1,'0000-00-00 00:00:00','0000-00-00 00:00:00'),
 (1920,'TRONCOS DEL TALAR',1618,1,'0000-00-00 00:00:00','0000-00-00 00:00:00'),
 (1921,'TRONGE',6407,1,'0000-00-00 00:00:00','0000-00-00 00:00:00'),
 (1922,'TROPEZON',6501,1,'0000-00-00 00:00:00','0000-00-00 00:00:00'),
 (1923,'TRUJUI',1664,1,'0000-00-00 00:00:00','0000-00-00 00:00:00'),
 (1924,'TURDERA',1834,1,'0000-00-00 00:00:00','0000-00-00 00:00:00'),
 (1925,'TUYUTI',6721,1,'0000-00-00 00:00:00','0000-00-00 00:00:00'),
 (1926,'UBALLES',7301,1,'0000-00-00 00:00:00','0000-00-00 00:00:00'),
 (1927,'UDAQUIOLA',7151,1,'0000-00-00 00:00:00','0000-00-00 00:00:00'),
 (1928,'UNIDAD TURISTICA CHAPADMALAL',7609,1,'0000-00-00 00:00:00','0000-00-00 00:00:00'),
 (1929,'URDAMPILLETA',6553,1,'0000-00-00 00:00:00','0000-00-00 00:00:00'),
 (1930,'URIBELARREA',1815,1,'0000-00-00 00:00:00','0000-00-00 00:00:00'),
 (1931,'URQUIZA',2718,1,'0000-00-00 00:00:00','0000-00-00 00:00:00'),
 (1932,'VAGUES',2764,1,'0000-00-00 00:00:00','0000-00-00 00:00:00'),
 (1933,'VALDEZ',6667,1,'0000-00-00 00:00:00','0000-00-00 00:00:00'),
 (1934,'VALENTIN ALSINA',1822,1,'0000-00-00 00:00:00','0000-00-00 00:00:00'),
 (1935,'VALENTIN GOMEZ',6401,1,'0000-00-00 00:00:00','0000-00-00 00:00:00'),
 (1936,'VALENZUELA ANTON',7630,1,'0000-00-00 00:00:00','0000-00-00 00:00:00'),
 (1937,'VALERIA DEL MAR',7167,1,'0000-00-00 00:00:00','0000-00-00 00:00:00'),
 (1938,'VALLIMANCA',6557,1,'0000-00-00 00:00:00','0000-00-00 00:00:00'),
 (1939,'VA',7301,1,'0000-00-00 00:00:00','0000-00-00 00:00:00'),
 (1940,'VASQUEZ',7519,1,'0000-00-00 00:00:00','0000-00-00 00:00:00'),
 (1941,'VECINO',7118,1,'0000-00-00 00:00:00','0000-00-00 00:00:00'),
 (1942,'VEDIA',6030,1,'0000-00-00 00:00:00','0000-00-00 00:00:00'),
 (1943,'VELA',7003,1,'0000-00-00 00:00:00','0000-00-00 00:00:00'),
 (1944,'VELLOSO',7305,1,'0000-00-00 00:00:00','0000-00-00 00:00:00'),
 (1945,'VENANCIO',8117,1,'0000-00-00 00:00:00','0000-00-00 00:00:00'),
 (1946,'VERGARA',7135,1,'0000-00-00 00:00:00','0000-00-00 00:00:00'),
 (1947,'VERONICA',1917,1,'0000-00-00 00:00:00','0000-00-00 00:00:00'),
 (1948,'VIBORAS',8180,1,'0000-00-00 00:00:00','0000-00-00 00:00:00'),
 (1949,'VICENTE CASARES',1808,1,'0000-00-00 00:00:00','0000-00-00 00:00:00'),
 (1950,'VICENTE LOPEZ',1638,1,'0000-00-00 00:00:00','0000-00-00 00:00:00'),
 (1951,'VICENTE PEREDA',7300,1,'0000-00-00 00:00:00','0000-00-00 00:00:00'),
 (1952,'VICTORIA',1644,1,'0000-00-00 00:00:00','0000-00-00 00:00:00'),
 (1953,'VICTORINO DE LA PLAZA',6411,1,'0000-00-00 00:00:00','0000-00-00 00:00:00'),
 (1954,'VIEYTES',1915,1,'0000-00-00 00:00:00','0000-00-00 00:00:00'),
 (1955,'VIGELENCIA',6070,1,'0000-00-00 00:00:00','0000-00-00 00:00:00'),
 (1956,'VILELA',7208,1,'0000-00-00 00:00:00','0000-00-00 00:00:00'),
 (1957,'VILLA ADELINA',1607,1,'0000-00-00 00:00:00','0000-00-00 00:00:00'),
 (1958,'VILLA ADRIANA',1816,1,'0000-00-00 00:00:00','0000-00-00 00:00:00'),
 (1959,'VILLA AGUEDA',1629,1,'0000-00-00 00:00:00','0000-00-00 00:00:00'),
 (1960,'VILLA ALDEANITA',6471,1,'0000-00-00 00:00:00','0000-00-00 00:00:00'),
 (1961,'VILLA ANGUS',2800,1,'0000-00-00 00:00:00','0000-00-00 00:00:00'),
 (1962,'VILLA ARCADIA',7540,1,'0000-00-00 00:00:00','0000-00-00 00:00:00'),
 (1963,'VILLA ASTOLFI',1633,1,'0000-00-00 00:00:00','0000-00-00 00:00:00'),
 (1964,'VILLA BALLESTER',1653,1,'0000-00-00 00:00:00','0000-00-00 00:00:00'),
 (1965,'VILLA BELGRANO',6000,1,'0000-00-00 00:00:00','0000-00-00 00:00:00'),
 (1966,'VILLA BOSCH',1682,1,'0000-00-00 00:00:00','0000-00-00 00:00:00'),
 (1967,'VILLA BRANDA',6471,1,'0000-00-00 00:00:00','0000-00-00 00:00:00'),
 (1968,'VILLA BROWN',1888,1,'0000-00-00 00:00:00','0000-00-00 00:00:00'),
 (1969,'VILLA BUENOS AIRES',8000,1,'0000-00-00 00:00:00','0000-00-00 00:00:00'),
 (1970,'VILLA BUIDE',1629,1,'0000-00-00 00:00:00','0000-00-00 00:00:00'),
 (1971,'VILLA BURGOS',7203,1,'0000-00-00 00:00:00','0000-00-00 00:00:00'),
 (1972,'VILLA CACIQUE',7005,1,'0000-00-00 00:00:00','0000-00-00 00:00:00'),
 (1973,'VILLA CAPDEPONT',2800,1,'0000-00-00 00:00:00','0000-00-00 00:00:00'),
 (1974,'VILLA CAROLA',6555,1,'0000-00-00 00:00:00','0000-00-00 00:00:00'),
 (1975,'VILLA CARUCHA',7505,1,'0000-00-00 00:00:00','0000-00-00 00:00:00'),
 (1976,'VILLA CASTELAR EST ERIZE',6430,1,'0000-00-00 00:00:00','0000-00-00 00:00:00'),
 (1977,'VILLA CENTENARIO',2700,1,'0000-00-00 00:00:00','0000-00-00 00:00:00'),
 (1978,'VILLA CERRITO',8000,1,'0000-00-00 00:00:00','0000-00-00 00:00:00'),
 (1979,'VILLA CLELIA',7109,1,'0000-00-00 00:00:00','0000-00-00 00:00:00'),
 (1980,'VILLA COPACABANA',7607,1,'0000-00-00 00:00:00','0000-00-00 00:00:00'),
 (1981,'VILLA DA FONTE',2718,1,'0000-00-00 00:00:00','0000-00-00 00:00:00'),
 (1982,'VILLA DAZA',7000,1,'0000-00-00 00:00:00','0000-00-00 00:00:00'),
 (1983,'VILLA DE MAYO',1614,1,'0000-00-00 00:00:00','0000-00-00 00:00:00'),
 (1984,'VILLA DEL MAR',8109,1,'0000-00-00 00:00:00','0000-00-00 00:00:00'),
 (1985,'VILLA DELFINA',8000,1,'0000-00-00 00:00:00','0000-00-00 00:00:00'),
 (1986,'VILLA DEPIETRI',2930,1,'0000-00-00 00:00:00','0000-00-00 00:00:00'),
 (1987,'VILLA DIAMANTINA',6500,1,'0000-00-00 00:00:00','0000-00-00 00:00:00'),
 (1988,'VILLA DIAZ VELEZ',7630,1,'0000-00-00 00:00:00','0000-00-00 00:00:00'),
 (1989,'VILLA DOMINGO PRONSATO',8000,1,'0000-00-00 00:00:00','0000-00-00 00:00:00'),
 (1990,'VILLA DOMINICO',1874,1,'0000-00-00 00:00:00','0000-00-00 00:00:00'),
 (1991,'VILLA DUFAU',7000,1,'0000-00-00 00:00:00','0000-00-00 00:00:00'),
 (1992,'VILLA ELENA',8512,1,'0000-00-00 00:00:00','0000-00-00 00:00:00'),
 (1993,'VILLA ELISA',1894,1,'0000-00-00 00:00:00','0000-00-00 00:00:00'),
 (1994,'VILLA ESPA',1884,1,'0000-00-00 00:00:00','0000-00-00 00:00:00'),
 (1995,'VILLA ESPIL',6712,1,'0000-00-00 00:00:00','0000-00-00 00:00:00'),
 (1996,'VILLA FLORESTA',8000,1,'0000-00-00 00:00:00','0000-00-00 00:00:00'),
 (1997,'VILLA FLORIDA',2800,1,'0000-00-00 00:00:00','0000-00-00 00:00:00'),
 (1998,'VILLA FOX',2800,1,'0000-00-00 00:00:00','0000-00-00 00:00:00'),
 (1999,'VILLA FRANCIA',6058,1,'0000-00-00 00:00:00','0000-00-00 00:00:00'),
 (2000,'VILLA FRANCIA',6706,1,'0000-00-00 00:00:00','0000-00-00 00:00:00'),
 (2001,'VILLA GALICIA',7000,1,'0000-00-00 00:00:00','0000-00-00 00:00:00'),
 (2002,'VILLA GENERAL ARIAS',8101,1,'0000-00-00 00:00:00','0000-00-00 00:00:00'),
 (2003,'VILLA GESELL',7165,1,'0000-00-00 00:00:00','0000-00-00 00:00:00'),
 (2004,'VILLA GOBERNADOR UDAONDO',1713,1,'0000-00-00 00:00:00','0000-00-00 00:00:00'),
 (2005,'VILLA GODOY',2700,1,'0000-00-00 00:00:00','0000-00-00 00:00:00'),
 (2006,'VILLA GRAL SAVIO EX SANCHEZ',2912,1,'0000-00-00 00:00:00','0000-00-00 00:00:00'),
 (2007,'VILLA HARDING GREEN',8101,1,'0000-00-00 00:00:00','0000-00-00 00:00:00'),
 (2008,'VILLA HERMINIA',8101,1,'0000-00-00 00:00:00','0000-00-00 00:00:00'),
 (2009,'VILLA IGOLLO',2930,1,'0000-00-00 00:00:00','0000-00-00 00:00:00'),
 (2010,'VILLA INSUPERABLE',1752,1,'0000-00-00 00:00:00','0000-00-00 00:00:00'),
 (2011,'VILLA IRIS',8126,1,'0000-00-00 00:00:00','0000-00-00 00:00:00'),
 (2012,'VILLA ITALIA',7000,1,'0000-00-00 00:00:00','0000-00-00 00:00:00'),
 (2013,'VILLA ITALIA',8000,1,'0000-00-00 00:00:00','0000-00-00 00:00:00'),
 (2014,'VILLA JUAREZ',7020,1,'0000-00-00 00:00:00','0000-00-00 00:00:00'),
 (2015,'VILLA LA CHECHELA',1625,1,'0000-00-00 00:00:00','0000-00-00 00:00:00'),
 (2016,'VILLA LA FLORIDA',1881,1,'0000-00-00 00:00:00','0000-00-00 00:00:00'),
 (2017,'VILLA LAURA',8109,1,'0000-00-00 00:00:00','0000-00-00 00:00:00'),
 (2018,'VILLA LAZA',7000,1,'0000-00-00 00:00:00','0000-00-00 00:00:00'),
 (2019,'VILLA LEANDRA',2946,1,'0000-00-00 00:00:00','0000-00-00 00:00:00'),
 (2020,'VILLA LIA',2761,1,'0000-00-00 00:00:00','0000-00-00 00:00:00'),
 (2021,'VILLA LIBRE',8000,1,'0000-00-00 00:00:00','0000-00-00 00:00:00'),
 (2022,'VILLA LOMA',7203,1,'0000-00-00 00:00:00','0000-00-00 00:00:00'),
 (2023,'VILLA LORETO',8000,1,'0000-00-00 00:00:00','0000-00-00 00:00:00'),
 (2024,'VILLA LUZURIAGA',1754,1,'0000-00-00 00:00:00','0000-00-00 00:00:00'),
 (2025,'VILLA LYNCH',1672,1,'0000-00-00 00:00:00','0000-00-00 00:00:00'),
 (2026,'VILLA LYNCH PUEYRREDON',6553,1,'0000-00-00 00:00:00','0000-00-00 00:00:00'),
 (2027,'VILLA MAIO',8109,1,'0000-00-00 00:00:00','0000-00-00 00:00:00'),
 (2028,'VILLA MARGARITA',8185,1,'0000-00-00 00:00:00','0000-00-00 00:00:00'),
 (2029,'VILLA MARIA',6628,1,'0000-00-00 00:00:00','0000-00-00 00:00:00'),
 (2030,'VILLA MARTELLI',1603,1,'0000-00-00 00:00:00','0000-00-00 00:00:00'),
 (2031,'VILLA MASSONI',2800,1,'0000-00-00 00:00:00','0000-00-00 00:00:00'),
 (2032,'VILLA MAYOR',6000,1,'0000-00-00 00:00:00','0000-00-00 00:00:00'),
 (2033,'VILLA MAZA',6343,1,'0000-00-00 00:00:00','0000-00-00 00:00:00'),
 (2034,'VILLA MITRE',8000,1,'0000-00-00 00:00:00','0000-00-00 00:00:00'),
 (2035,'VILLA MONICA',7318,1,'0000-00-00 00:00:00','0000-00-00 00:00:00'),
 (2036,'VILLA MOQUEHUA',6625,1,'0000-00-00 00:00:00','0000-00-00 00:00:00'),
 (2037,'VILLA MOSCONI',2800,1,'0000-00-00 00:00:00','0000-00-00 00:00:00'),
 (2038,'VILLA NOCITO',8000,1,'0000-00-00 00:00:00','0000-00-00 00:00:00'),
 (2039,'VILLA NUMANCIA',1858,1,'0000-00-00 00:00:00','0000-00-00 00:00:00'),
 (2040,'VILLA OBRERA',8000,1,'0000-00-00 00:00:00','0000-00-00 00:00:00'),
 (2041,'VILLA OLGA GRUMBEIN',8000,1,'0000-00-00 00:00:00','0000-00-00 00:00:00'),
 (2042,'VILLA ORTEGA',6000,1,'0000-00-00 00:00:00','0000-00-00 00:00:00'),
 (2043,'VILLA ORTIZ',6628,1,'0000-00-00 00:00:00','0000-00-00 00:00:00'),
 (2044,'VILLA PENOTTI',6000,1,'0000-00-00 00:00:00','0000-00-00 00:00:00'),
 (2045,'VILLA PRECEPTOR M ROBLES',2812,1,'0000-00-00 00:00:00','0000-00-00 00:00:00'),
 (2046,'VILLA PRECEPTOR MANUEL CRUZ',6703,1,'0000-00-00 00:00:00','0000-00-00 00:00:00'),
 (2047,'VILLA PROGRESO',2700,1,'0000-00-00 00:00:00','0000-00-00 00:00:00'),
 (2048,'VILLA PROGRESO',2705,1,'0000-00-00 00:00:00','0000-00-00 00:00:00'),
 (2049,'VILLA PUEBLO NUEVO',7414,1,'0000-00-00 00:00:00','0000-00-00 00:00:00'),
 (2050,'VILLA PUERTO QUEQUEN',7631,1,'0000-00-00 00:00:00','0000-00-00 00:00:00'),
 (2051,'VILLA RAFFO',1674,1,'0000-00-00 00:00:00','0000-00-00 00:00:00'),
 (2052,'VILLA RAMALLO',2914,1,'0000-00-00 00:00:00','0000-00-00 00:00:00'),
 (2053,'VILLA RAMALLO EST FFCC',2914,1,'0000-00-00 00:00:00','0000-00-00 00:00:00'),
 (2054,'VILLA RIO CHICO',8146,1,'0000-00-00 00:00:00','0000-00-00 00:00:00'),
 (2055,'VILLA ROCH',7101,1,'0000-00-00 00:00:00','0000-00-00 00:00:00'),
 (2056,'VILLA ROSA',1631,1,'0000-00-00 00:00:00','0000-00-00 00:00:00'),
 (2057,'VILLA ROSAS',8103,1,'0000-00-00 00:00:00','0000-00-00 00:00:00'),
 (2058,'VILLA RUIZ',6705,1,'0000-00-00 00:00:00','0000-00-00 00:00:00'),
 (2059,'VILLA SABOYA',6101,1,'0000-00-00 00:00:00','0000-00-00 00:00:00'),
 (2060,'VILLA SAENZ PE',1674,1,'0000-00-00 00:00:00','0000-00-00 00:00:00'),
 (2061,'VILLA SAN ALBERTO',6720,1,'0000-00-00 00:00:00','0000-00-00 00:00:00'),
 (2062,'VILLA SAN JOSE',2743,1,'0000-00-00 00:00:00','0000-00-00 00:00:00'),
 (2063,'VILLA SAN PEDRO',7203,1,'0000-00-00 00:00:00','0000-00-00 00:00:00'),
 (2064,'VILLA SANCHEZ ELIA',8000,1,'0000-00-00 00:00:00','0000-00-00 00:00:00'),
 (2065,'VILLA SANGUINETTI',2740,1,'0000-00-00 00:00:00','0000-00-00 00:00:00'),
 (2066,'VILLA SANTA MARIA',1629,1,'0000-00-00 00:00:00','0000-00-00 00:00:00'),
 (2067,'VILLA SANTOS TESEI',1688,1,'0000-00-00 00:00:00','0000-00-00 00:00:00'),
 (2068,'VILLA SANZ',6511,1,'0000-00-00 00:00:00','0000-00-00 00:00:00'),
 (2069,'VILLA SARITA',2930,1,'0000-00-00 00:00:00','0000-00-00 00:00:00'),
 (2070,'VILLA SARMIENTO',1706,1,'0000-00-00 00:00:00','0000-00-00 00:00:00'),
 (2071,'VILLA SAUCE',6235,1,'0000-00-00 00:00:00','0000-00-00 00:00:00'),
 (2072,'VILLA SAURI',6430,1,'0000-00-00 00:00:00','0000-00-00 00:00:00'),
 (2073,'VILLA SENA',6403,1,'0000-00-00 00:00:00','0000-00-00 00:00:00'),
 (2074,'VILLA SERRA',8103,1,'0000-00-00 00:00:00','0000-00-00 00:00:00'),
 (2075,'VILLA TALLERES',6000,1,'0000-00-00 00:00:00','0000-00-00 00:00:00'),
 (2076,'VILLA TERESA',2944,1,'0000-00-00 00:00:00','0000-00-00 00:00:00'),
 (2077,'VILLA TRIANGULO',6000,1,'0000-00-00 00:00:00','0000-00-00 00:00:00'),
 (2078,'VILLA VALLIER',1625,1,'0000-00-00 00:00:00','0000-00-00 00:00:00'),
 (2079,'VILLA VATTEONE',1888,1,'0000-00-00 00:00:00','0000-00-00 00:00:00'),
 (2080,'VILLA VENTANA',8160,1,'0000-00-00 00:00:00','0000-00-00 00:00:00'),
 (2081,'VILLA VERDE',1629,1,'0000-00-00 00:00:00','0000-00-00 00:00:00'),
 (2082,'VILLA VIGNOLO',7600,1,'0000-00-00 00:00:00','0000-00-00 00:00:00'),
 (2083,'VILLA YORK',6000,1,'0000-00-00 00:00:00','0000-00-00 00:00:00'),
 (2084,'VILLAFA',6740,1,'0000-00-00 00:00:00','0000-00-00 00:00:00'),
 (2085,'VILLAIGRILLO',2930,1,'0000-00-00 00:00:00','0000-00-00 00:00:00'),
 (2086,'VILLALONGA',8512,1,'0000-00-00 00:00:00','0000-00-00 00:00:00'),
 (2087,'VILLANUEVA',7225,1,'0000-00-00 00:00:00','0000-00-00 00:00:00'),
 (2088,'VILLARS',1731,1,'0000-00-00 00:00:00','0000-00-00 00:00:00'),
 (2089,'VI',2754,1,'0000-00-00 00:00:00','0000-00-00 00:00:00'),
 (2090,'VIRREY DEL PINO',1763,1,'0000-00-00 00:00:00','0000-00-00 00:00:00'),
 (2091,'VIRREYES',1646,1,'0000-00-00 00:00:00','0000-00-00 00:00:00'),
 (2092,'VISTA ALEGRE',7130,1,'0000-00-00 00:00:00','0000-00-00 00:00:00'),
 (2093,'VITEL',7130,1,'0000-00-00 00:00:00','0000-00-00 00:00:00'),
 (2094,'VIVORATA',7612,1,'0000-00-00 00:00:00','0000-00-00 00:00:00'),
 (2095,'VOLTA',6064,1,'0000-00-00 00:00:00','0000-00-00 00:00:00'),
 (2096,'VOLUNTAD',7412,1,'0000-00-00 00:00:00','0000-00-00 00:00:00'),
 (2097,'VUELTA DE OBLIGADO',2931,1,'0000-00-00 00:00:00','0000-00-00 00:00:00'),
 (2098,'VUELTA DE ZAPATA',6435,1,'0000-00-00 00:00:00','0000-00-00 00:00:00'),
 (2099,'WARNES',6646,1,'0000-00-00 00:00:00','0000-00-00 00:00:00'),
 (2100,'WILDE',1875,1,'0000-00-00 00:00:00','0000-00-00 00:00:00'),
 (2101,'YERBAS',7303,1,'0000-00-00 00:00:00','0000-00-00 00:00:00'),
 (2102,'YRAIZOS',7605,1,'0000-00-00 00:00:00','0000-00-00 00:00:00'),
 (2103,'YUTUYACO',6443,1,'0000-00-00 00:00:00','0000-00-00 00:00:00'),
 (2104,'ZAMUDIO',1727,1,'0000-00-00 00:00:00','0000-00-00 00:00:00');
UNLOCK TABLES;
/*!40000 ALTER TABLE `localidades` ENABLE KEYS */;


--
-- Definition of table `preventista`.`marcas`
--

DROP TABLE IF EXISTS `preventista`.`marcas`;
CREATE TABLE  `preventista`.`marcas` (
  `marcas_id` int(11) NOT NULL AUTO_INCREMENT,
  `marcas_parent` int(11) DEFAULT NULL,
  `marcas_descripcion` varchar(150) DEFAULT NULL,
  `marcas_estado` int(11) DEFAULT NULL,
  `marcas_created_at` timestamp NULL DEFAULT CURRENT_TIMESTAMP,
  `marcas_updated_at` datetime DEFAULT NULL,
  PRIMARY KEY (`marcas_id`)
) ENGINE=InnoDB AUTO_INCREMENT=8 DEFAULT CHARSET=latin1;

--
-- Dumping data for table `preventista`.`marcas`
--

/*!40000 ALTER TABLE `marcas` DISABLE KEYS */;
LOCK TABLES `marcas` WRITE;
INSERT INTO `preventista`.`marcas` VALUES  (1,0,'Marca 1',1,'2012-02-27 00:00:00',NULL),
 (2,1,'Marca 1.1',1,'2012-02-27 00:00:00',NULL),
 (3,2,'Marca 1.1.1',1,'2012-02-27 00:00:00',NULL),
 (4,0,'Marca 2',1,'2012-02-27 00:00:00',NULL),
 (5,4,'Marca 2.1',1,'2012-02-27 18:49:05',NULL),
 (6,4,'Marca 2.2',1,'2012-02-27 00:00:00',NULL),
 (7,0,'poxipol',1,'2012-03-22 20:49:23',NULL);
UNLOCK TABLES;
/*!40000 ALTER TABLE `marcas` ENABLE KEYS */;


--
-- Definition of table `preventista`.`pedidodetalle`
--

DROP TABLE IF EXISTS `preventista`.`pedidodetalle`;
CREATE TABLE  `preventista`.`pedidodetalle` (
  `pedidodetalle_id` int(11) NOT NULL AUTO_INCREMENT,
  `pedidos_id` int(11) NOT NULL,
  `articulos_id` int(11) NOT NULL,
  `pedidodetalle_cantidad` int(11) NOT NULL,
  `pedidodetalle_montoacordado` float DEFAULT NULL,
  `pedidodetalle_subtotal` float DEFAULT NULL,
  `pedidodetalle_created_at` timestamp NOT NULL DEFAULT CURRENT_TIMESTAMP,
  `pedidodetalle_updated_at` datetime DEFAULT NULL,
  PRIMARY KEY (`pedidodetalle_id`),
  KEY `pedidodetalle_articulos_id` (`articulos_id`),
  KEY `pedidodetalle_pedidos_id` (`pedidos_id`),
  CONSTRAINT `pedidodetalle_pedidos_id` FOREIGN KEY (`pedidos_id`) REFERENCES `pedidos` (`pedidos_id`) ON DELETE CASCADE ON UPDATE CASCADE,
  CONSTRAINT `pedidodetalle_articulos_id` FOREIGN KEY (`articulos_id`) REFERENCES `articulos` (`articulos_id`) ON DELETE CASCADE ON UPDATE CASCADE
) ENGINE=InnoDB AUTO_INCREMENT=129 DEFAULT CHARSET=latin1;

--
-- Dumping data for table `preventista`.`pedidodetalle`
--

/*!40000 ALTER TABLE `pedidodetalle` DISABLE KEYS */;
LOCK TABLES `pedidodetalle` WRITE;
INSERT INTO `preventista`.`pedidodetalle` VALUES  (1,1,1,2,NULL,38.4,'2012-03-02 20:34:30','2012-03-03 02:02:45'),
 (2,1,2,2,NULL,67.2,'2012-03-02 20:34:30','2012-03-03 02:02:45'),
 (3,2,2,2,NULL,73.8,'2012-03-02 20:41:10','2012-03-02 20:56:50'),
 (4,2,3,3,NULL,39,'2012-03-02 20:41:10','2012-03-02 20:56:50'),
 (5,3,5,2,NULL,34.1,'2012-03-02 20:58:26','2012-03-02 20:58:48'),
 (6,3,6,4,NULL,91.08,'2012-03-02 20:58:26','2012-03-02 20:58:48'),
 (7,4,1,1,NULL,22.4,'2012-03-03 04:20:46','2012-03-03 04:20:46'),
 (8,4,2,2,NULL,67.2,'2012-03-03 04:20:46','2012-03-03 04:20:46'),
 (9,4,3,2,NULL,24,'2012-03-03 04:20:46','2012-03-03 04:20:46'),
 (10,5,4,5,NULL,92,'2012-03-03 04:21:30','2012-03-03 04:21:30'),
 (11,5,5,1,NULL,17.825,'2012-03-03 04:21:30','2012-03-03 04:21:30'),
 (12,5,6,1,NULL,23.805,'2012-03-03 04:21:30','2012-03-03 04:21:30'),
 (13,6,6,5,NULL,110,'2012-03-03 04:22:20','2012-03-03 19:27:21'),
 (14,6,3,1,NULL,22,'2012-03-03 04:22:20','2012-03-03 19:27:21'),
 (15,7,1,2,NULL,80,'2012-03-07 19:48:15','2012-03-07 19:48:15'),
 (16,8,1,12,NULL,386.4,'2012-03-07 21:35:56','2012-03-07 21:35:56'),
 (17,8,3,3,NULL,0,'2012-03-07 21:35:56','2012-03-07 21:35:56'),
 (18,9,1,20,NULL,1118,'2012-03-20 04:02:05','2012-03-20 04:02:05'),
 (19,9,3,2,NULL,33.8,'2012-03-20 04:02:05','2012-03-20 04:02:05'),
 (20,9,5,10,NULL,180,'2012-03-20 04:02:05','2012-03-20 04:02:05'),
 (21,9,2,11,NULL,854.7,'2012-03-20 04:02:05','2012-03-20 04:02:05'),
 (22,9,4,18,NULL,842.4,'2012-03-20 04:02:05','2012-03-20 04:02:05'),
 (23,10,1,20,NULL,1380,'2012-03-21 20:24:57','2012-03-21 20:24:57'),
 (24,10,12,1,NULL,22.2,'2012-03-21 20:24:58','2012-03-21 20:24:58'),
 (25,11,4,3,NULL,595.98,'2012-03-22 21:43:07','2012-03-22 21:43:07'),
 (26,11,6,5,NULL,142.54,'2012-03-22 21:43:07','2012-03-22 21:43:07'),
 (27,11,5,3,NULL,63.9,'2012-03-22 21:43:07','2012-03-22 21:43:07'),
 (28,13,12,2,NULL,46.34,'2012-03-23 03:52:03','2012-03-23 03:52:03'),
 (29,13,12,20,NULL,463.4,'2012-03-23 03:52:03','2012-03-23 03:52:03'),
 (30,13,13,10,NULL,540.2,'2012-03-23 03:52:03','2012-03-23 03:52:03'),
 (31,13,2,10,NULL,634.4,'2012-03-23 03:52:03','2012-03-23 03:52:03'),
 (32,13,15,1,NULL,63.25,'2012-03-23 03:52:03','2012-03-23 03:52:03'),
 (33,13,20,1,NULL,3.3,'2012-03-23 03:52:03','2012-03-23 03:52:03'),
 (34,14,2,2,NULL,122.9,'2012-03-27 15:42:33','2012-03-27 15:42:33'),
 (35,14,5,2,NULL,42.6,'2012-03-27 15:42:33','2012-03-27 15:42:33'),
 (36,14,12,4,NULL,100.2,'2012-03-27 15:42:33','2012-03-27 15:42:33'),
 (37,14,5,10,NULL,213,'2012-03-27 15:42:33','2012-03-27 15:42:33'),
 (38,15,15,1,NULL,66,'2012-03-27 15:53:21','2012-03-27 15:53:21'),
 (39,15,20,10,NULL,36,'2012-03-27 15:53:22','2012-03-27 15:53:22'),
 (40,15,18,1,NULL,22.5,'2012-03-27 15:53:22','2012-03-27 15:53:22'),
 (41,16,15,2,NULL,126.5,'2012-03-27 15:53:49','2012-03-27 15:53:49'),
 (42,16,12,10,NULL,250.5,'2012-03-27 15:53:49','2012-03-27 15:53:49'),
 (43,17,2,20,NULL,1229,'2012-03-28 00:12:30','2012-03-28 00:12:30'),
 (44,17,6,10,NULL,285.08,'2012-03-28 00:12:30','2012-03-28 00:12:30'),
 (45,18,6,20,NULL,600,'2012-03-28 00:12:47','2012-03-28 00:12:47'),
 (46,18,15,10,NULL,660,'2012-03-28 00:12:47','2012-03-28 00:12:47'),
 (47,19,15,10,NULL,632.5,'2012-03-28 00:16:38','2012-03-28 00:16:38'),
 (48,19,20,10,NULL,34.5,'2012-03-28 00:16:38','2012-03-28 00:16:38'),
 (49,20,18,10,NULL,157.5,'2012-03-28 00:16:54','2012-03-28 00:16:54'),
 (50,20,15,10,NULL,632.5,'2012-03-28 00:16:55','2012-03-28 00:16:55'),
 (51,21,15,5,NULL,316.25,'2012-03-28 00:20:54','2012-03-28 00:20:54'),
 (52,21,5,1,NULL,21.3,'2012-03-28 00:20:54','2012-03-28 00:20:54'),
 (53,22,18,1,NULL,15.75,'2012-03-28 00:21:09','2012-03-28 00:21:09'),
 (54,22,12,2,NULL,50.1,'2012-03-28 00:21:09','2012-03-28 00:21:09'),
 (55,23,2,2,NULL,129.78,'2012-03-28 00:21:23','2012-03-28 00:21:23'),
 (56,23,18,10,NULL,168,'2012-03-28 00:21:24','2012-03-28 00:21:24'),
 (57,24,6,1,NULL,28.51,'2012-03-28 00:27:41','2012-03-28 00:27:41'),
 (58,24,13,100,NULL,5842,'2012-03-28 00:27:41','2012-03-28 00:27:41'),
 (59,25,18,10,NULL,225,'2012-03-28 00:28:01','2012-03-28 00:28:01'),
 (60,25,20,1,NULL,3.6,'2012-03-28 00:28:01','2012-03-28 00:28:01'),
 (61,26,15,10,NULL,632.5,'2012-03-28 00:31:42','2012-03-28 00:31:42'),
 (62,27,18,10,NULL,225,'2012-03-28 00:31:56','2012-03-28 00:31:56'),
 (63,27,20,1,NULL,3.6,'2012-03-28 00:31:57','2012-03-28 00:31:57'),
 (64,28,18,10,NULL,157.5,'2012-03-28 00:32:17','2012-03-28 00:32:17'),
 (65,28,2,10,NULL,614.5,'2012-03-28 00:32:17','2012-03-28 00:32:17'),
 (66,29,18,2,NULL,31.5,'2012-03-28 14:20:50','2012-03-28 14:20:50'),
 (67,29,2,2,NULL,122.9,'2012-03-28 14:20:51','2012-03-28 14:20:51'),
 (68,30,15,1,NULL,66,'2012-03-28 14:21:24','2012-03-28 14:21:24'),
 (69,30,20,1,NULL,3.6,'2012-03-28 14:21:24','2012-03-28 14:21:24'),
 (70,31,6,1,NULL,30,'2012-03-28 14:21:36','2012-03-28 14:21:36'),
 (71,32,6,1,NULL,30,'2012-03-28 14:21:49','2012-03-28 14:21:49'),
 (72,33,6,1,NULL,28.51,'2012-03-28 14:21:58','2012-03-28 14:21:58'),
 (73,34,12,1,NULL,25.28,'2012-03-28 16:46:40','2012-03-28 16:46:40'),
 (74,35,18,1,NULL,16.8,'2012-03-28 16:46:53','2012-03-28 16:46:53'),
 (75,36,15,1,NULL,66,'2012-03-28 16:47:06','2012-03-28 16:47:06'),
 (76,37,6,1,NULL,28.51,'2012-03-28 16:47:20','2012-03-28 16:47:20'),
 (77,38,18,1,NULL,15.75,'2012-03-28 17:08:47','2012-03-28 17:08:47'),
 (78,39,15,2,NULL,126.5,'2012-03-28 17:08:58','2012-03-28 17:08:58'),
 (79,40,6,1,NULL,28.51,'2012-03-28 17:09:08','2012-03-28 17:09:08'),
 (80,41,15,1,NULL,63.25,'2012-03-28 17:09:24','2012-03-28 17:09:24'),
 (81,42,18,1,NULL,22.5,'2012-03-28 17:21:47','2012-03-28 17:21:47'),
 (82,43,15,1,NULL,63.25,'2012-03-28 17:22:00','2012-03-28 17:22:00'),
 (83,44,15,1,NULL,66,'2012-03-28 17:26:38','2012-03-28 17:26:38'),
 (84,45,5,1,NULL,21.3,'2012-03-28 17:26:48','2012-03-28 17:26:48'),
 (85,46,6,1,NULL,28.51,'2012-03-28 17:26:56','2012-03-28 17:26:56'),
 (86,47,6,1,NULL,28.51,'2012-03-28 17:26:57','2012-03-28 17:26:57'),
 (87,48,6,1,NULL,28.51,'2012-03-28 17:26:57','2012-03-28 17:26:57'),
 (88,49,15,2,NULL,126.5,'2012-03-28 17:33:41','2012-03-28 17:33:41'),
 (89,50,6,1,NULL,28.51,'2012-03-28 17:33:58','2012-03-28 17:33:58'),
 (90,51,12,2,NULL,50.1,'2012-03-28 18:05:39','2012-03-28 18:05:39'),
 (91,52,15,1,NULL,66,'2012-03-28 18:05:58','2012-03-28 18:05:58'),
 (92,53,6,2,NULL,60,'2012-03-28 18:06:08','2012-03-28 18:06:08'),
 (93,54,6,2,NULL,57.02,'2012-03-28 18:07:45','2012-03-28 18:07:45'),
 (94,55,20,1,NULL,3.6,'2012-03-28 18:08:00','2012-03-28 18:08:00'),
 (95,56,6,2,NULL,57.02,'2012-03-28 18:08:13','2012-03-28 18:08:13'),
 (96,57,6,1,NULL,28.51,'2012-03-28 18:08:26','2012-03-28 18:08:26'),
 (97,58,15,1,NULL,63.25,'2012-03-28 18:08:36','2012-03-28 18:08:36'),
 (98,59,6,3,NULL,90,'2012-03-28 18:08:46','2012-03-28 18:08:46'),
 (99,60,6,2,NULL,57.02,'2012-03-28 18:08:58','2012-03-28 18:08:58'),
 (100,61,15,1,NULL,66,'2012-03-28 18:09:07','2012-03-28 18:09:07'),
 (101,62,15,2,NULL,126.5,'2012-03-28 18:19:18','2012-03-28 18:19:18'),
 (102,63,12,1,NULL,26.18,'2012-03-28 18:19:34','2012-03-28 18:19:34'),
 (103,64,6,2,NULL,57.02,'2012-03-28 18:19:44','2012-03-28 18:19:44'),
 (104,65,15,2,NULL,126.5,'2012-03-28 18:26:07','2012-03-28 18:26:07'),
 (105,66,6,2,NULL,61.77,'2012-03-28 18:26:24','2012-03-28 18:26:24'),
 (106,67,15,2,NULL,0,'2012-03-28 18:26:35','2012-03-28 18:26:35'),
 (107,68,15,2,NULL,126.5,'2012-03-28 18:31:22','2012-03-28 18:31:22'),
 (108,69,6,2,NULL,60,'2012-03-28 18:31:36','2012-03-28 18:31:36'),
 (109,70,3,2,NULL,114.32,'2012-03-28 18:43:33','2012-03-28 18:43:33'),
 (110,71,18,2,NULL,45,'2012-03-28 18:43:45','2012-03-28 18:43:45'),
 (111,72,6,2,NULL,57.02,'2012-03-28 18:44:04','2012-03-28 18:44:04'),
 (112,73,15,2,NULL,126.5,'2012-03-28 20:01:37','2012-03-28 20:01:37'),
 (113,74,2,1,NULL,61.45,'2012-03-28 20:01:46','2012-03-28 20:01:46'),
 (114,75,13,10,NULL,584.2,'2012-03-28 20:02:02','2012-03-28 20:02:02'),
 (115,76,15,1,NULL,63.25,'2012-03-28 20:06:56','2012-03-28 20:06:56'),
 (116,77,2,1,NULL,64.89,'2012-03-28 20:07:06','2012-03-28 20:07:06'),
 (117,78,13,10,NULL,584.2,'2012-03-28 20:07:19','2012-03-28 20:07:19'),
 (118,79,13,2,NULL,121.1,'2012-03-28 20:24:58','2012-03-28 20:24:58'),
 (119,80,13,3,NULL,183.24,'2012-03-28 20:25:11','2012-03-28 20:25:11'),
 (120,81,6,1,NULL,28.51,'2012-03-28 20:25:23','2012-03-28 20:25:23'),
 (121,82,6,2,NULL,60,'2012-03-28 20:25:32','2012-03-28 20:25:32'),
 (122,83,18,2,NULL,33.6,'2012-03-28 20:25:44','2012-03-28 20:25:44'),
 (123,84,2,1,NULL,61.45,'2012-03-28 20:25:56','2012-03-28 20:25:56'),
 (124,85,15,1,NULL,66,'2012-03-28 20:26:23','2012-03-28 20:26:23'),
 (125,86,18,1,NULL,15.75,'2012-03-28 20:26:32','2012-03-28 20:26:32'),
 (126,87,2,1,NULL,61.45,'2012-03-28 20:26:48','2012-03-28 20:26:48'),
 (127,88,18,2,NULL,0,'2012-03-28 20:42:57','2012-03-28 20:42:57'),
 (128,88,15,2,NULL,132,'2012-03-28 20:42:57','2012-03-28 20:42:57');
UNLOCK TABLES;
/*!40000 ALTER TABLE `pedidodetalle` ENABLE KEYS */;


--
-- Definition of table `preventista`.`pedidos`
--

DROP TABLE IF EXISTS `preventista`.`pedidos`;
CREATE TABLE  `preventista`.`pedidos` (
  `pedidos_id` int(11) NOT NULL AUTO_INCREMENT,
  `peididos_montototal` float DEFAULT NULL,
  `pedidos_montoadeudado` float DEFAULT NULL,
  `clientes_id` int(11) NOT NULL,
  `pedidos_estado` int(11) DEFAULT NULL,
  `pedidos_created_at` timestamp NULL DEFAULT CURRENT_TIMESTAMP,
  `pedidos_updated_at` datetime DEFAULT NULL,
  PRIMARY KEY (`pedidos_id`),
  KEY `pedidos_clientes_id` (`clientes_id`),
  CONSTRAINT `pedidos_clientes_id` FOREIGN KEY (`clientes_id`) REFERENCES `clientes` (`clientes_id`)
) ENGINE=InnoDB AUTO_INCREMENT=89 DEFAULT CHARSET=latin1;

--
-- Dumping data for table `preventista`.`pedidos`
--

/*!40000 ALTER TABLE `pedidos` DISABLE KEYS */;
LOCK TABLES `pedidos` WRITE;
INSERT INTO `preventista`.`pedidos` VALUES  (1,105.6,0,1,9,'2012-03-02 20:34:30','2012-03-03 02:02:45'),
 (2,112.8,0,2,7,'2012-03-02 20:41:10','2012-03-02 20:56:50'),
 (3,125.18,0,1,7,'2012-03-02 20:58:25','2012-03-02 20:58:48'),
 (4,113.6,NULL,4,7,'2012-03-03 04:20:46','2012-03-03 04:20:46'),
 (5,133.63,NULL,2,7,'2012-03-03 04:21:30','2012-03-03 04:21:30'),
 (6,132,0,3,7,'2012-03-03 04:22:20','2012-03-03 19:27:21'),
 (7,80,NULL,1,7,'2012-03-07 19:48:15','2012-03-07 19:48:15'),
 (8,386.4,NULL,2,7,'2012-03-07 21:35:56','2012-03-07 21:35:56'),
 (9,3028.9,NULL,1,7,'2012-03-20 04:02:05','2012-03-20 04:02:05'),
 (10,1402.2,NULL,1,7,'2012-03-21 20:24:57','2012-03-21 20:24:57'),
 (11,802.42,NULL,1,7,'2012-03-22 21:43:06','2012-03-22 21:43:06'),
 (12,0,NULL,1,9,'2012-03-23 03:45:41','2012-03-23 03:45:41'),
 (13,1750.89,NULL,1,7,'2012-03-23 03:52:03','2012-03-23 03:52:03'),
 (14,478.7,NULL,1,7,'2012-03-27 15:42:33','2012-03-27 15:42:33'),
 (15,124.5,NULL,3,7,'2012-03-27 15:53:21','2012-03-27 15:53:21'),
 (16,377,NULL,4,7,'2012-03-27 15:53:49','2012-03-27 15:53:49'),
 (17,1514.08,NULL,1,7,'2012-03-28 00:12:30','2012-03-28 00:12:30'),
 (18,1260,NULL,3,7,'2012-03-28 00:12:47','2012-03-28 00:12:47'),
 (19,667,NULL,2,7,'2012-03-28 00:16:38','2012-03-28 00:16:38'),
 (20,790,NULL,4,7,'2012-03-28 00:16:54','2012-03-28 00:16:54'),
 (21,337.55,NULL,4,7,'2012-03-28 00:20:54','2012-03-28 00:20:54'),
 (22,65.85,NULL,4,7,'2012-03-28 00:21:09','2012-03-28 00:21:09'),
 (23,297.78,NULL,2,7,'2012-03-28 00:21:23','2012-03-28 00:21:23'),
 (24,5870.51,NULL,4,7,'2012-03-28 00:27:41','2012-03-28 00:27:41'),
 (25,228.6,NULL,3,7,'2012-03-28 00:28:01','2012-03-28 00:28:01'),
 (26,632.5,NULL,4,7,'2012-03-28 00:31:42','2012-03-28 00:31:42'),
 (27,228.6,NULL,3,7,'2012-03-28 00:31:56','2012-03-28 00:31:56'),
 (28,772,NULL,1,7,'2012-03-28 00:32:17','2012-03-28 00:32:17'),
 (29,154.4,NULL,1,7,'2012-03-28 14:20:50','2012-03-28 14:20:50'),
 (30,69.6,NULL,3,7,'2012-03-28 14:21:24','2012-03-28 14:21:24'),
 (31,30,NULL,3,7,'2012-03-28 14:21:36','2012-03-28 14:21:36'),
 (32,30,NULL,3,7,'2012-03-28 14:21:48','2012-03-28 14:21:48'),
 (33,28.51,NULL,1,7,'2012-03-28 14:21:58','2012-03-28 14:21:58'),
 (34,25.28,NULL,2,7,'2012-03-28 16:46:40','2012-03-28 16:46:40'),
 (35,16.8,NULL,2,7,'2012-03-28 16:46:53','2012-03-28 16:46:53'),
 (36,66,NULL,3,7,'2012-03-28 16:47:06','2012-03-28 16:47:06'),
 (37,28.51,NULL,4,7,'2012-03-28 16:47:20','2012-03-28 16:47:20'),
 (38,15.75,NULL,1,7,'2012-03-28 17:08:47','2012-03-28 17:08:47'),
 (39,126.5,NULL,2,7,'2012-03-28 17:08:58','2012-03-28 17:08:58'),
 (40,28.51,NULL,4,7,'2012-03-28 17:09:07','2012-03-28 17:09:07'),
 (41,63.25,NULL,2,7,'2012-03-28 17:09:24','2012-03-28 17:09:24'),
 (42,22.5,NULL,3,7,'2012-03-28 17:21:47','2012-03-28 17:21:47'),
 (43,63.25,NULL,4,7,'2012-03-28 17:22:00','2012-03-28 17:22:00'),
 (44,66,NULL,3,7,'2012-03-28 17:26:38','2012-03-28 17:26:38'),
 (45,21.3,NULL,4,7,'2012-03-28 17:26:48','2012-03-28 17:26:48'),
 (46,28.51,NULL,1,7,'2012-03-28 17:26:56','2012-03-28 17:26:56'),
 (47,28.51,NULL,1,7,'2012-03-28 17:26:57','2012-03-28 17:26:57'),
 (48,28.51,NULL,1,7,'2012-03-28 17:26:57','2012-03-28 17:26:57'),
 (49,126.5,NULL,1,7,'2012-03-28 17:33:41','2012-03-28 17:33:41'),
 (50,28.51,NULL,4,7,'2012-03-28 17:33:58','2012-03-28 17:33:58'),
 (51,50.1,NULL,1,7,'2012-03-28 18:05:39','2012-03-28 18:05:39'),
 (52,66,NULL,3,7,'2012-03-28 18:05:58','2012-03-28 18:05:58'),
 (53,60,NULL,3,7,'2012-03-28 18:06:08','2012-03-28 18:06:08'),
 (54,57.02,NULL,4,7,'2012-03-28 18:07:45','2012-03-28 18:07:45'),
 (55,3.6,NULL,3,7,'2012-03-28 18:08:00','2012-03-28 18:08:00'),
 (56,57.02,NULL,4,7,'2012-03-28 18:08:13','2012-03-28 18:08:13'),
 (57,28.51,NULL,4,7,'2012-03-28 18:08:26','2012-03-28 18:08:26'),
 (58,63.25,NULL,2,7,'2012-03-28 18:08:36','2012-03-28 18:08:36'),
 (59,90,NULL,3,7,'2012-03-28 18:08:46','2012-03-28 18:08:46'),
 (60,57.02,NULL,1,7,'2012-03-28 18:08:58','2012-03-28 18:08:58'),
 (61,66,NULL,3,7,'2012-03-28 18:09:07','2012-03-28 18:09:07'),
 (62,126.5,NULL,1,7,'2012-03-28 18:19:18','2012-03-28 18:19:18'),
 (63,26.18,NULL,3,7,'2012-03-28 18:19:34','2012-03-28 18:19:34'),
 (64,57.02,NULL,4,7,'2012-03-28 18:19:44','2012-03-28 18:19:44'),
 (65,126.5,NULL,1,7,'2012-03-28 18:26:07','2012-03-28 18:26:07'),
 (66,61.77,NULL,2,7,'2012-03-28 18:26:24','2012-03-28 18:26:24'),
 (67,0,NULL,4,7,'2012-03-28 18:26:35','2012-03-28 18:26:35'),
 (68,126.5,NULL,1,7,'2012-03-28 18:31:22','2012-03-28 18:31:22'),
 (69,60,NULL,3,7,'2012-03-28 18:31:36','2012-03-28 18:31:36'),
 (70,114.32,NULL,1,7,'2012-03-28 18:43:33','2012-03-28 18:43:33'),
 (71,45,NULL,3,7,'2012-03-28 18:43:45','2012-03-28 18:43:45'),
 (72,57.02,NULL,4,7,'2012-03-28 18:44:03','2012-03-28 18:44:03'),
 (73,126.5,NULL,1,7,'2012-03-28 20:01:37','2012-03-28 20:01:37'),
 (74,61.45,NULL,4,7,'2012-03-28 20:01:46','2012-03-28 20:01:46'),
 (75,584.2,NULL,4,7,'2012-03-28 20:02:02','2012-03-28 20:02:02'),
 (76,63.25,NULL,1,7,'2012-03-28 20:06:56','2012-03-28 20:06:56'),
 (77,64.89,NULL,2,7,'2012-03-28 20:07:06','2012-03-28 20:07:06'),
 (78,584.2,NULL,4,7,'2012-03-28 20:07:19','2012-03-28 20:07:19'),
 (79,121.1,NULL,2,7,'2012-03-28 20:24:58','2012-03-28 20:24:58'),
 (80,183.24,NULL,3,7,'2012-03-28 20:25:11','2012-03-28 20:25:11'),
 (81,28.51,NULL,4,7,'2012-03-28 20:25:23','2012-03-28 20:25:23'),
 (82,60,NULL,3,7,'2012-03-28 20:25:32','2012-03-28 20:25:32'),
 (83,33.6,NULL,2,7,'2012-03-28 20:25:44','2012-03-28 20:25:44'),
 (84,61.45,NULL,1,7,'2012-03-28 20:25:56','2012-03-28 20:25:56'),
 (85,66,NULL,3,7,'2012-03-28 20:26:23','2012-03-28 20:26:23'),
 (86,15.75,NULL,4,7,'2012-03-28 20:26:32','2012-03-28 20:26:32'),
 (87,61.45,NULL,4,7,'2012-03-28 20:26:48','2012-03-28 20:26:48'),
 (88,0,NULL,3,7,'2012-03-28 20:42:57','2012-03-28 20:42:57');
UNLOCK TABLES;
/*!40000 ALTER TABLE `pedidos` ENABLE KEYS */;


--
-- Definition of table `preventista`.`pedidosrecibos`
--

DROP TABLE IF EXISTS `preventista`.`pedidosrecibos`;
CREATE TABLE  `preventista`.`pedidosrecibos` (
  `pedidosrecibos_id` int(11) NOT NULL AUTO_INCREMENT,
  `pedidos_id` int(11) NOT NULL,
  `recibos_id` bigint(20) NOT NULL,
  `pedidosrecibos_montocubierto` float DEFAULT NULL,
  `pedidosremitos_created_at` timestamp NOT NULL DEFAULT CURRENT_TIMESTAMP,
  `pedidosremitos_updated_at` datetime DEFAULT NULL,
  PRIMARY KEY (`pedidosrecibos_id`),
  KEY `pedidosrecibos_pedidos_id` (`pedidos_id`),
  KEY `pedidosrecibos_recibos_id` (`recibos_id`),
  CONSTRAINT `pedidosrecibos_recibos_id` FOREIGN KEY (`recibos_id`) REFERENCES `recibos` (`recibos_id`),
  CONSTRAINT `pedidosrecibos_pedidos_id` FOREIGN KEY (`pedidos_id`) REFERENCES `pedidos` (`pedidos_id`) ON DELETE CASCADE ON UPDATE CASCADE
) ENGINE=InnoDB DEFAULT CHARSET=latin1;

--
-- Dumping data for table `preventista`.`pedidosrecibos`
--

/*!40000 ALTER TABLE `pedidosrecibos` DISABLE KEYS */;
LOCK TABLES `pedidosrecibos` WRITE;
UNLOCK TABLES;
/*!40000 ALTER TABLE `pedidosrecibos` ENABLE KEYS */;


--
-- Definition of table `preventista`.`perfiles`
--

DROP TABLE IF EXISTS `preventista`.`perfiles`;
CREATE TABLE  `preventista`.`perfiles` (
  `perfiles_id` int(11) NOT NULL AUTO_INCREMENT,
  `perfiles_descripcion` varchar(150) DEFAULT NULL,
  `perfiles_estado` int(11) DEFAULT '0',
  `perfiles_created_at` timestamp NULL DEFAULT CURRENT_TIMESTAMP,
  `perfiles_updated_at` datetime NOT NULL,
  PRIMARY KEY (`perfiles_id`),
  KEY `perfiles_tabgral_id` (`perfiles_estado`),
  CONSTRAINT `perfiles_tabgral_id` FOREIGN KEY (`perfiles_estado`) REFERENCES `tabgral` (`tabgral_id`)
) ENGINE=InnoDB AUTO_INCREMENT=4 DEFAULT CHARSET=latin1;

--
-- Dumping data for table `preventista`.`perfiles`
--

/*!40000 ALTER TABLE `perfiles` DISABLE KEYS */;
LOCK TABLES `perfiles` WRITE;
INSERT INTO `preventista`.`perfiles` VALUES  (3,'Administrador',1,'2012-02-06 19:14:10','0000-00-00 00:00:00');
UNLOCK TABLES;
/*!40000 ALTER TABLE `perfiles` ENABLE KEYS */;


--
-- Definition of table `preventista`.`proveedores`
--

DROP TABLE IF EXISTS `preventista`.`proveedores`;
CREATE TABLE  `preventista`.`proveedores` (
  `proveedores_id` int(11) NOT NULL AUTO_INCREMENT,
  `proveedores_nombre` varchar(150) NOT NULL,
  `proveedores_apellido` varchar(150) NOT NULL,
  `proveedores_direccion` text NOT NULL,
  `proveedores_telefono` varchar(100) NOT NULL,
  `proveedores_created_at` timestamp NOT NULL DEFAULT CURRENT_TIMESTAMP ON UPDATE CURRENT_TIMESTAMP,
  `proveedores_updated_at` datetime NOT NULL,
  PRIMARY KEY (`proveedores_id`)
) ENGINE=InnoDB AUTO_INCREMENT=7 DEFAULT CHARSET=latin1;

--
-- Dumping data for table `preventista`.`proveedores`
--

/*!40000 ALTER TABLE `proveedores` DISABLE KEYS */;
LOCK TABLES `proveedores` WRITE;
INSERT INTO `preventista`.`proveedores` VALUES  (1,'Elias','Dip','Muñecas 2011','0381-4975264','2012-02-09 00:00:00','2012-02-09 00:00:00'),
 (2,'Ana','Flores','Cordoba 1000','0381-4978562','2012-02-09 00:00:00','2012-02-09 00:00:00'),
 (3,'Cristian','Martines','Santiago 345','0381-4952545','2012-03-04 00:00:00','0000-00-00 00:00:00'),
 (4,'Cristina','Guzman','Av. Mitre 685','0381-4956585','2012-03-04 00:00:00','0000-00-00 00:00:00'),
 (5,'Carolina','Ruiz','Muñecas 1200','0381-485252','2012-03-04 00:00:00','0000-00-00 00:00:00'),
 (6,'Paulo','Ramirez','Santiago 125','0381-4585222','2012-03-04 00:00:00','0000-00-00 00:00:00');
UNLOCK TABLES;
/*!40000 ALTER TABLE `proveedores` ENABLE KEYS */;


--
-- Definition of table `preventista`.`provincias`
--

DROP TABLE IF EXISTS `preventista`.`provincias`;
CREATE TABLE  `preventista`.`provincias` (
  `provincias_id` int(11) NOT NULL AUTO_INCREMENT,
  `provincias_nombre` varchar(150) NOT NULL,
  `provincias_created_at` timestamp NOT NULL DEFAULT CURRENT_TIMESTAMP,
  `provincias_updated_at` datetime NOT NULL,
  PRIMARY KEY (`provincias_id`)
) ENGINE=InnoDB AUTO_INCREMENT=25 DEFAULT CHARSET=latin1;

--
-- Dumping data for table `preventista`.`provincias`
--

/*!40000 ALTER TABLE `provincias` DISABLE KEYS */;
LOCK TABLES `provincias` WRITE;
INSERT INTO `preventista`.`provincias` VALUES  (1,'Buenos Aires','0000-00-00 00:00:00','0000-00-00 00:00:00'),
 (2,'Capital Federal','0000-00-00 00:00:00','0000-00-00 00:00:00'),
 (3,'Catamarca','0000-00-00 00:00:00','0000-00-00 00:00:00'),
 (4,'Chaco','0000-00-00 00:00:00','0000-00-00 00:00:00'),
 (5,'Chubut','0000-00-00 00:00:00','0000-00-00 00:00:00'),
 (6,'Córdoba','0000-00-00 00:00:00','0000-00-00 00:00:00'),
 (7,'Corrientes','0000-00-00 00:00:00','0000-00-00 00:00:00'),
 (8,'Entre Ríos','0000-00-00 00:00:00','0000-00-00 00:00:00'),
 (9,'Formosa','0000-00-00 00:00:00','0000-00-00 00:00:00'),
 (10,'Jujuy','0000-00-00 00:00:00','0000-00-00 00:00:00'),
 (11,'La Pampa','0000-00-00 00:00:00','0000-00-00 00:00:00'),
 (12,'La Rioja','0000-00-00 00:00:00','0000-00-00 00:00:00'),
 (13,'Mendoza','0000-00-00 00:00:00','0000-00-00 00:00:00'),
 (14,'Misiones','0000-00-00 00:00:00','0000-00-00 00:00:00'),
 (15,'Neuquén','0000-00-00 00:00:00','0000-00-00 00:00:00'),
 (16,'Río Negro','0000-00-00 00:00:00','0000-00-00 00:00:00'),
 (17,'Salta','0000-00-00 00:00:00','0000-00-00 00:00:00'),
 (18,'San Juan','0000-00-00 00:00:00','0000-00-00 00:00:00'),
 (19,'San Luis','0000-00-00 00:00:00','0000-00-00 00:00:00'),
 (20,'Santa Cruz','0000-00-00 00:00:00','0000-00-00 00:00:00'),
 (21,'Santa Fé','0000-00-00 00:00:00','0000-00-00 00:00:00'),
 (22,'Santiago del Estero','0000-00-00 00:00:00','0000-00-00 00:00:00'),
 (23,'Tierra del Fuego','0000-00-00 00:00:00','0000-00-00 00:00:00'),
 (24,'Tucumán','0000-00-00 00:00:00','0000-00-00 00:00:00');
UNLOCK TABLES;
/*!40000 ALTER TABLE `provincias` ENABLE KEYS */;


--
-- Definition of table `preventista`.`recibos`
--

DROP TABLE IF EXISTS `preventista`.`recibos`;
CREATE TABLE  `preventista`.`recibos` (
  `recibos_id` bigint(20) NOT NULL AUTO_INCREMENT,
  `recibos_monto` float DEFAULT NULL,
  `clientes_id` int(11) DEFAULT NULL,
  `usuarios_id` int(11) DEFAULT NULL,
  `recibos_estado` int(11) DEFAULT NULL,
  `recibos_fechaingreso` datetime DEFAULT NULL,
  `recibos_created_at` timestamp NULL DEFAULT CURRENT_TIMESTAMP,
  `recibos_updated_at` datetime DEFAULT NULL,
  PRIMARY KEY (`recibos_id`),
  KEY `recibos_clientes_id` (`clientes_id`),
  KEY `recibos_usuarios_id` (`usuarios_id`),
  CONSTRAINT `recibos_usuarios_id` FOREIGN KEY (`usuarios_id`) REFERENCES `usuarios` (`usuarios_id`) ON DELETE NO ACTION ON UPDATE NO ACTION,
  CONSTRAINT `recibos_clientes_id` FOREIGN KEY (`clientes_id`) REFERENCES `clientes` (`clientes_id`) ON DELETE NO ACTION ON UPDATE NO ACTION
) ENGINE=InnoDB AUTO_INCREMENT=62 DEFAULT CHARSET=latin1;

--
-- Dumping data for table `preventista`.`recibos`
--

/*!40000 ALTER TABLE `recibos` DISABLE KEYS */;
LOCK TABLES `recibos` WRITE;
INSERT INTO `preventista`.`recibos` VALUES  (10,NULL,NULL,NULL,17,NULL,'2012-03-04 21:55:22','2012-03-04 21:55:22'),
 (11,NULL,NULL,NULL,17,NULL,'2012-03-04 21:55:22','2012-03-04 21:55:22'),
 (12,400,NULL,NULL,17,NULL,'2012-03-04 00:00:00','2012-03-04 00:00:00'),
 (13,NULL,NULL,NULL,17,NULL,'2012-03-04 21:59:19','2012-03-04 21:59:19'),
 (14,NULL,NULL,NULL,17,NULL,'2012-03-04 21:59:19','2012-03-04 21:59:19'),
 (15,NULL,NULL,NULL,17,NULL,'2012-03-04 21:59:19','2012-03-04 21:59:19'),
 (16,NULL,NULL,NULL,17,NULL,'2012-03-04 21:59:19','2012-03-04 21:59:19'),
 (17,NULL,NULL,NULL,17,NULL,'2012-03-04 21:59:19','2012-03-04 21:59:19'),
 (18,NULL,NULL,NULL,17,NULL,'2012-03-04 21:59:19','2012-03-04 21:59:19'),
 (19,NULL,NULL,NULL,17,NULL,'2012-03-04 21:59:19','2012-03-04 21:59:19'),
 (20,NULL,NULL,NULL,17,NULL,'2012-03-04 21:59:19','2012-03-04 21:59:19'),
 (21,NULL,NULL,NULL,17,NULL,'2012-03-04 21:59:20','2012-03-04 21:59:20'),
 (22,NULL,NULL,NULL,17,NULL,'2012-03-04 21:59:20','2012-03-04 21:59:20'),
 (23,NULL,NULL,NULL,17,NULL,'2012-03-04 21:59:20','2012-03-04 21:59:20'),
 (24,NULL,NULL,NULL,17,NULL,'2012-03-04 21:59:20','2012-03-04 21:59:20'),
 (25,NULL,NULL,NULL,17,NULL,'2012-03-04 21:59:20','2012-03-04 21:59:20'),
 (26,NULL,NULL,NULL,17,NULL,'2012-03-04 21:59:20','2012-03-04 21:59:20'),
 (27,NULL,NULL,NULL,17,NULL,'2012-03-04 21:59:20','2012-03-04 21:59:20'),
 (28,NULL,NULL,NULL,17,NULL,'2012-03-04 21:59:20','2012-03-04 21:59:20'),
 (29,NULL,NULL,NULL,17,NULL,'2012-03-04 21:59:20','2012-03-04 21:59:20'),
 (30,NULL,NULL,NULL,17,NULL,'2012-03-04 21:59:20','2012-03-04 21:59:20'),
 (31,NULL,NULL,NULL,17,NULL,'2012-03-04 21:59:20','2012-03-04 21:59:20'),
 (32,NULL,NULL,NULL,17,NULL,'2012-03-04 21:59:20','2012-03-04 21:59:20'),
 (33,NULL,NULL,NULL,17,NULL,'2012-03-04 21:59:20','2012-03-04 21:59:20'),
 (34,NULL,NULL,NULL,17,NULL,'2012-03-04 21:59:20','2012-03-04 21:59:20'),
 (35,NULL,NULL,NULL,17,NULL,'2012-03-04 21:59:20','2012-03-04 21:59:20'),
 (36,NULL,NULL,NULL,17,NULL,'2012-03-04 21:59:20','2012-03-04 21:59:20'),
 (37,NULL,NULL,NULL,17,NULL,'2012-03-04 21:59:20','2012-03-04 21:59:20'),
 (38,NULL,NULL,NULL,17,NULL,'2012-03-04 21:59:20','2012-03-04 21:59:20'),
 (39,NULL,NULL,NULL,17,NULL,'2012-03-04 21:59:20','2012-03-04 21:59:20'),
 (40,NULL,NULL,NULL,17,NULL,'2012-03-04 21:59:20','2012-03-04 21:59:20'),
 (41,NULL,NULL,NULL,17,NULL,'2012-03-04 21:59:21','2012-03-04 21:59:21'),
 (42,NULL,NULL,NULL,17,NULL,'2012-03-04 21:59:21','2012-03-04 21:59:21'),
 (43,NULL,NULL,NULL,17,NULL,'2012-03-04 21:59:21','2012-03-04 21:59:21'),
 (44,NULL,NULL,NULL,17,NULL,'2012-03-04 21:59:21','2012-03-04 21:59:21'),
 (45,NULL,NULL,NULL,17,NULL,'2012-03-04 21:59:21','2012-03-04 21:59:21'),
 (46,NULL,NULL,NULL,17,NULL,'2012-03-04 21:59:21','2012-03-04 21:59:21'),
 (47,NULL,NULL,NULL,17,NULL,'2012-03-04 21:59:21','2012-03-04 21:59:21'),
 (48,NULL,NULL,NULL,17,NULL,'2012-03-04 21:59:21','2012-03-04 21:59:21'),
 (49,NULL,NULL,NULL,17,NULL,'2012-03-04 21:59:21','2012-03-04 21:59:21'),
 (50,NULL,NULL,NULL,17,NULL,'2012-03-04 21:59:21','2012-03-04 21:59:21'),
 (51,NULL,NULL,NULL,17,NULL,'2012-03-04 21:59:21','2012-03-04 21:59:21'),
 (52,NULL,NULL,NULL,17,NULL,'2012-03-04 21:59:21','2012-03-04 21:59:21'),
 (53,NULL,NULL,NULL,17,NULL,'2012-03-04 21:59:21','2012-03-04 21:59:21'),
 (54,NULL,NULL,NULL,17,NULL,'2012-03-04 21:59:21','2012-03-04 21:59:21'),
 (55,NULL,NULL,NULL,17,NULL,'2012-03-04 21:59:21','2012-03-04 21:59:21'),
 (56,NULL,NULL,NULL,17,NULL,'2012-03-04 21:59:21','2012-03-04 21:59:21'),
 (57,NULL,NULL,NULL,17,NULL,'2012-03-04 21:59:21','2012-03-04 21:59:21'),
 (58,NULL,NULL,NULL,17,NULL,'2012-03-04 21:59:21','2012-03-04 21:59:21'),
 (59,NULL,NULL,NULL,17,NULL,'2012-03-04 21:59:21','2012-03-04 21:59:21'),
 (60,NULL,NULL,NULL,17,NULL,'2012-03-04 21:59:21','2012-03-04 21:59:21'),
 (61,NULL,NULL,NULL,17,NULL,'2012-03-04 21:59:22','2012-03-04 21:59:22');
UNLOCK TABLES;
/*!40000 ALTER TABLE `recibos` ENABLE KEYS */;


--
-- Definition of table `preventista`.`remitos`
--

DROP TABLE IF EXISTS `preventista`.`remitos`;
CREATE TABLE  `preventista`.`remitos` (
  `remitos_id` bigint(20) NOT NULL AUTO_INCREMENT,
  `hojarutadetalle_id` int(11) DEFAULT NULL,
  `remitos_estado` int(11) DEFAULT NULL,
  `remitos_created_at` timestamp NULL DEFAULT CURRENT_TIMESTAMP,
  `remitos_updated_at` datetime DEFAULT NULL,
  PRIMARY KEY (`remitos_id`)
) ENGINE=InnoDB AUTO_INCREMENT=91 DEFAULT CHARSET=latin1;

--
-- Dumping data for table `preventista`.`remitos`
--

/*!40000 ALTER TABLE `remitos` DISABLE KEYS */;
LOCK TABLES `remitos` WRITE;
INSERT INTO `preventista`.`remitos` VALUES  (4,7,12,'2012-03-03 17:06:53',NULL),
 (5,8,12,'2012-03-03 17:06:53',NULL),
 (6,9,12,'2012-03-03 17:06:53',NULL),
 (7,15,12,'2012-03-22 21:45:09',NULL),
 (8,10,12,'2012-03-27 22:04:44',NULL),
 (9,12,12,'2012-03-27 22:04:44',NULL),
 (10,14,12,'2012-03-27 22:04:44',NULL),
 (11,11,12,'2012-03-27 22:04:44',NULL),
 (12,13,12,'2012-03-27 22:04:44',NULL),
 (13,5,12,'2012-03-27 22:04:44',NULL),
 (14,6,12,'2012-03-27 22:04:44',NULL),
 (15,22,12,'2012-03-28 00:09:15',NULL),
 (16,23,12,'2012-03-28 00:09:16',NULL),
 (17,24,12,'2012-03-28 00:09:16',NULL),
 (18,25,12,'2012-03-28 00:10:15',NULL),
 (19,26,12,'2012-03-28 00:10:15',NULL),
 (20,27,12,'2012-03-28 00:13:24',NULL),
 (21,28,12,'2012-03-28 00:13:24',NULL),
 (22,29,12,'2012-03-28 00:17:16',NULL),
 (23,30,12,'2012-03-28 00:17:16',NULL),
 (24,31,12,'2012-03-28 00:21:43',NULL),
 (25,32,12,'2012-03-28 00:22:34',NULL),
 (26,33,12,'2012-03-28 00:23:23',NULL),
 (27,34,12,'2012-03-28 00:29:08',NULL),
 (28,35,12,'2012-03-28 00:29:08',NULL),
 (29,38,12,'2012-03-28 00:32:48',NULL),
 (30,36,12,'2012-03-28 00:32:48',NULL),
 (31,37,12,'2012-03-28 00:32:49',NULL),
 (32,39,12,'2012-03-28 14:22:25',NULL),
 (33,40,12,'2012-03-28 16:28:17',NULL),
 (34,41,12,'2012-03-28 16:30:16',NULL),
 (35,42,12,'2012-03-28 16:37:41',NULL),
 (36,43,12,'2012-03-28 16:44:02',NULL),
 (37,44,12,'2012-03-28 16:47:43',NULL),
 (38,48,12,'2012-03-28 16:50:13',NULL),
 (39,47,12,'2012-03-28 16:50:13',NULL),
 (40,49,12,'2012-03-28 17:06:47',NULL),
 (41,54,12,'2012-03-28 17:10:22',NULL),
 (42,53,12,'2012-03-28 17:10:22',NULL),
 (43,52,12,'2012-03-28 17:18:58',NULL),
 (44,55,12,'2012-03-28 17:20:00',NULL),
 (45,56,12,'2012-03-28 17:22:27',NULL),
 (46,57,12,'2012-03-28 17:23:27',NULL),
 (47,58,12,'2012-03-28 17:27:30',NULL),
 (48,59,12,'2012-03-28 17:29:07',NULL),
 (49,60,12,'2012-03-28 17:30:24',NULL),
 (50,61,12,'2012-03-28 17:31:31',NULL),
 (51,64,12,'2012-03-28 17:34:53',NULL),
 (52,63,12,'2012-03-28 17:34:53',NULL),
 (53,62,12,'2012-03-28 17:34:53',NULL),
 (54,66,12,'2012-03-28 18:06:50',NULL),
 (55,65,12,'2012-03-28 18:06:50',NULL),
 (56,74,12,'2012-03-28 18:10:19',NULL),
 (57,72,12,'2012-03-28 18:10:19',NULL),
 (58,73,12,'2012-03-28 18:10:19',NULL),
 (59,75,12,'2012-03-28 18:10:19',NULL),
 (60,71,12,'2012-03-28 18:10:20',NULL),
 (61,70,12,'2012-03-28 18:10:20',NULL),
 (62,68,12,'2012-03-28 18:10:20',NULL),
 (63,69,12,'2012-03-28 18:10:20',NULL),
 (64,67,12,'2012-03-28 18:10:20',NULL),
 (65,76,12,'2012-03-28 18:21:03',NULL),
 (66,78,12,'2012-03-28 18:23:22',NULL),
 (67,77,12,'2012-03-28 18:23:22',NULL),
 (68,81,12,'2012-03-28 18:27:17',NULL),
 (69,80,12,'2012-03-28 18:27:17',NULL),
 (70,79,12,'2012-03-28 18:28:37',NULL),
 (71,83,12,'2012-03-28 18:33:01',NULL),
 (72,82,12,'2012-03-28 18:33:01',NULL),
 (73,86,12,'2012-03-28 18:44:48',NULL),
 (74,85,12,'2012-03-28 18:45:04',NULL),
 (75,84,12,'2012-03-28 18:45:04',NULL),
 (76,89,12,'2012-03-28 20:02:49',NULL),
 (77,88,12,'2012-03-28 20:02:49',NULL),
 (78,90,12,'2012-03-28 20:08:28',NULL),
 (79,87,12,'2012-03-28 20:08:28',NULL),
 (80,92,12,'2012-03-28 20:09:02',NULL),
 (81,96,12,'2012-03-28 20:27:37',NULL),
 (82,97,12,'2012-03-28 20:27:37',NULL),
 (83,101,12,'2012-03-28 20:27:37',NULL),
 (84,102,12,'2012-03-28 20:27:37',NULL),
 (85,95,12,'2012-03-28 20:27:37',NULL),
 (86,98,12,'2012-03-28 20:27:37',NULL),
 (87,100,12,'2012-03-28 20:27:37',NULL),
 (88,93,12,'2012-03-28 20:27:37',NULL),
 (89,94,12,'2012-03-28 20:27:37',NULL),
 (90,99,12,'2012-03-28 20:27:37',NULL);
UNLOCK TABLES;
/*!40000 ALTER TABLE `remitos` ENABLE KEYS */;


--
-- Definition of table `preventista`.`rubros`
--

DROP TABLE IF EXISTS `preventista`.`rubros`;
CREATE TABLE  `preventista`.`rubros` (
  `rubros_id` int(11) NOT NULL AUTO_INCREMENT,
  `rubros_descripcion` varchar(150) DEFAULT NULL,
  `rubros_estado` int(11) DEFAULT NULL,
  `rubros_created_at` timestamp NULL DEFAULT CURRENT_TIMESTAMP,
  `rubros_updated_at` datetime DEFAULT NULL,
  PRIMARY KEY (`rubros_id`)
) ENGINE=InnoDB AUTO_INCREMENT=14 DEFAULT CHARSET=latin1;

--
-- Dumping data for table `preventista`.`rubros`
--

/*!40000 ALTER TABLE `rubros` DISABLE KEYS */;
LOCK TABLES `rubros` WRITE;
INSERT INTO `preventista`.`rubros` VALUES  (8,'Galletas',1,'2012-02-27 00:00:00',NULL),
 (9,'Jugos',1,'2012-02-27 00:00:00',NULL),
 (10,'Chicles',1,'2012-02-27 00:00:00',NULL),
 (11,'Caramelo',1,'2012-03-22 00:00:00',NULL),
 (12,'Bombones',1,'2012-03-22 00:00:00',NULL),
 (13,'pegamentos',1,'2012-03-22 20:47:15',NULL);
UNLOCK TABLES;
/*!40000 ALTER TABLE `rubros` ENABLE KEYS */;


--
-- Definition of table `preventista`.`sismenu`
--

DROP TABLE IF EXISTS `preventista`.`sismenu`;
CREATE TABLE  `preventista`.`sismenu` (
  `sismenu_id` int(11) NOT NULL AUTO_INCREMENT,
  `sismenu_descripcion` varchar(150) DEFAULT NULL,
  `sismenu_estado` int(11) DEFAULT '0',
  `sismenu_parent` int(11) DEFAULT NULL,
  `sismenu_created_at` timestamp NULL DEFAULT CURRENT_TIMESTAMP,
  `sismenu_updated_at` datetime NOT NULL,
  PRIMARY KEY (`sismenu_id`),
  KEY `sismenu_tabgral_id` (`sismenu_estado`),
  CONSTRAINT `sismenu_tabgral_id` FOREIGN KEY (`sismenu_estado`) REFERENCES `tabgral` (`tabgral_id`)
) ENGINE=InnoDB AUTO_INCREMENT=21 DEFAULT CHARSET=latin1;

--
-- Dumping data for table `preventista`.`sismenu`
--

/*!40000 ALTER TABLE `sismenu` DISABLE KEYS */;
LOCK TABLES `sismenu` WRITE;
INSERT INTO `preventista`.`sismenu` VALUES  (1,'Administración',1,0,'2012-02-07 11:08:25','0000-00-00 00:00:00'),
 (2,'Usuarios',1,1,'2012-02-07 11:09:01','0000-00-00 00:00:00'),
 (3,'Perfiles',1,1,'2012-02-07 11:09:23','0000-00-00 00:00:00'),
 (4,'Permisos',1,1,'2012-02-07 11:09:43','0000-00-00 00:00:00'),
 (5,'Menues',1,1,'2012-02-07 11:10:00','0000-00-00 00:00:00'),
 (6,'Gestión de Articulos',1,0,'2012-02-07 15:06:43','0000-00-00 00:00:00'),
 (7,'Articulos',1,6,'2012-02-07 15:07:22','0000-00-00 00:00:00'),
 (8,'Rubros',1,6,'2012-02-07 00:00:00','0000-00-00 00:00:00'),
 (9,'Gestión de  Cuenta C.',1,0,'0000-00-00 00:00:00','0000-00-00 00:00:00'),
 (10,'Clientes',1,9,'0000-00-00 00:00:00','0000-00-00 00:00:00'),
 (11,'Proveedores',1,6,'2012-02-09 17:05:36','0000-00-00 00:00:00'),
 (12,'Gestion de pedidos',1,0,'2012-02-16 00:00:00','0000-00-00 00:00:00'),
 (13,'Pedidos',1,12,'2012-02-16 00:00:00','0000-00-00 00:00:00'),
 (14,'Hoja de Ruta',1,12,'2012-02-17 00:00:00','0000-00-00 00:00:00'),
 (15,'Fleteros',1,1,'2012-02-18 00:00:00','0000-00-00 00:00:00'),
 (16,'Marcas',1,6,'2012-02-27 00:00:00','0000-00-00 00:00:00'),
 (17,'Clientes categ.',1,1,'2012-03-02 00:00:00','0000-00-00 00:00:00'),
 (18,'Compras',1,6,'2012-03-03 00:00:00','0000-00-00 00:00:00'),
 (19,'Remitos',1,12,'2012-03-03 00:00:00','0000-00-00 00:00:00'),
 (20,'Recibos',1,9,'2012-03-04 00:00:00','0000-00-00 00:00:00');
UNLOCK TABLES;
/*!40000 ALTER TABLE `sismenu` ENABLE KEYS */;


--
-- Definition of table `preventista`.`sisperfil`
--

DROP TABLE IF EXISTS `preventista`.`sisperfil`;
CREATE TABLE  `preventista`.`sisperfil` (
  `sisperfil_id` int(11) NOT NULL AUTO_INCREMENT,
  `sismenu_id` int(11) NOT NULL,
  `perfiles_id` int(11) NOT NULL,
  `sisperfil_estado` int(11) DEFAULT '0',
  `sisperfil_created_at` timestamp NULL DEFAULT CURRENT_TIMESTAMP,
  `sisperfil_updated_at` datetime NOT NULL,
  PRIMARY KEY (`sisperfil_id`),
  KEY `perfiles_id` (`perfiles_id`),
  KEY `sisperfil_sismenu_id` (`sismenu_id`),
  KEY `sisperfil_tabgral_id` (`sisperfil_estado`),
  KEY `tabgral_id` (`sisperfil_estado`),
  CONSTRAINT `sisperfil_tabgral_id` FOREIGN KEY (`sisperfil_estado`) REFERENCES `tabgral` (`tabgral_id`),
  CONSTRAINT `perfiles_id` FOREIGN KEY (`perfiles_id`) REFERENCES `perfiles` (`perfiles_id`),
  CONSTRAINT `sisperfil_sismenu_id` FOREIGN KEY (`sismenu_id`) REFERENCES `sismenu` (`sismenu_id`)
) ENGINE=InnoDB AUTO_INCREMENT=21 DEFAULT CHARSET=latin1;

--
-- Dumping data for table `preventista`.`sisperfil`
--

/*!40000 ALTER TABLE `sisperfil` DISABLE KEYS */;
LOCK TABLES `sisperfil` WRITE;
INSERT INTO `preventista`.`sisperfil` VALUES  (1,1,3,1,'2012-02-07 11:15:56','0000-00-00 00:00:00'),
 (2,5,3,1,'2012-02-07 11:17:26','0000-00-00 00:00:00'),
 (3,4,3,1,'2012-02-07 11:17:26','0000-00-00 00:00:00'),
 (4,3,3,1,'0000-00-00 00:00:00','0000-00-00 00:00:00'),
 (5,2,3,1,'2012-02-07 11:17:26','0000-00-00 00:00:00'),
 (6,8,3,1,'2012-02-07 15:08:26','0000-00-00 00:00:00'),
 (7,7,3,1,'0000-00-00 00:00:00','0000-00-00 00:00:00'),
 (8,6,3,1,'0000-00-00 00:00:00','0000-00-00 00:00:00'),
 (9,11,3,1,'2012-02-09 17:07:05','0000-00-00 00:00:00'),
 (10,10,3,1,'0000-00-00 00:00:00','0000-00-00 00:00:00'),
 (11,9,3,1,'0000-00-00 00:00:00','0000-00-00 00:00:00'),
 (12,13,3,1,'2012-02-16 15:43:01','0000-00-00 00:00:00'),
 (13,12,3,1,'2012-02-16 15:43:01','0000-00-00 00:00:00'),
 (14,14,3,1,'2012-02-17 21:17:37','0000-00-00 00:00:00'),
 (15,15,3,1,'2012-02-18 03:14:13','0000-00-00 00:00:00'),
 (16,16,3,1,'2012-02-27 18:17:37','0000-00-00 00:00:00'),
 (17,17,3,1,'0000-00-00 00:00:00','0000-00-00 00:00:00'),
 (18,18,3,1,'2012-03-03 01:56:26','0000-00-00 00:00:00'),
 (19,19,3,1,'0000-00-00 00:00:00','0000-00-00 00:00:00'),
 (20,20,3,1,'0000-00-00 00:00:00','0000-00-00 00:00:00');
UNLOCK TABLES;
/*!40000 ALTER TABLE `sisperfil` ENABLE KEYS */;


--
-- Definition of table `preventista`.`sispermisos`
--

DROP TABLE IF EXISTS `preventista`.`sispermisos`;
CREATE TABLE  `preventista`.`sispermisos` (
  `sispermisos_id` int(11) NOT NULL AUTO_INCREMENT,
  `sispermisos_tabla` varchar(150) NOT NULL,
  `sispermisos_flag_read` int(11) DEFAULT '1',
  `sispermisos_flag_insert` int(11) DEFAULT '0',
  `sispermisos_flag_update` int(11) DEFAULT '0',
  `sispermisos_flag_delete` int(11) DEFAULT '0',
  `perfiles_id` int(11) NOT NULL,
  `sispermisos_created_at` timestamp NULL DEFAULT CURRENT_TIMESTAMP,
  `sispermisos_updated_at` datetime NOT NULL,
  PRIMARY KEY (`sispermisos_id`),
  KEY `perfiles_id` (`perfiles_id`),
  KEY `sispermisos_perfiles_id` (`perfiles_id`),
  CONSTRAINT `sispermisos_perfiles_id` FOREIGN KEY (`perfiles_id`) REFERENCES `perfiles` (`perfiles_id`)
) ENGINE=InnoDB AUTO_INCREMENT=24 DEFAULT CHARSET=latin1;

--
-- Dumping data for table `preventista`.`sispermisos`
--

/*!40000 ALTER TABLE `sispermisos` DISABLE KEYS */;
LOCK TABLES `sispermisos` WRITE;
INSERT INTO `preventista`.`sispermisos` VALUES  (1,'usuarios',1,1,1,1,3,'2012-02-07 11:45:43','0000-00-00 00:00:00'),
 (2,'perfiles',1,1,1,1,3,'2012-02-07 14:06:08','0000-00-00 00:00:00'),
 (3,'sispermisos',1,1,1,1,3,'2012-02-07 14:06:53','0000-00-00 00:00:00'),
 (4,'sismenu',1,1,1,1,3,'2012-02-07 14:07:17','0000-00-00 00:00:00'),
 (5,'articulos',1,1,1,1,3,'2012-02-07 15:10:10','0000-00-00 00:00:00'),
 (6,'rubros',1,1,1,1,3,'2012-02-07 00:00:00','2012-02-24 00:00:00'),
 (7,'historialprecios',1,1,1,1,3,'2012-02-08 01:12:14','0000-00-00 00:00:00'),
 (8,'clientes',1,1,1,1,3,'2012-02-09 00:00:00','2012-02-09 00:00:00'),
 (9,'proveedores',1,1,1,1,3,'2012-02-09 00:00:00','2012-02-09 00:00:00'),
 (10,'pedidos',1,1,1,1,3,'2012-02-16 00:00:00','0000-00-00 00:00:00'),
 (11,'pedidodetalle',1,1,1,1,3,'2012-02-16 00:00:00','0000-00-00 00:00:00'),
 (13,'hojarutadetalle',1,1,1,1,3,'2012-02-17 00:00:00','2012-03-03 00:00:00'),
 (14,'hojaruta',1,1,1,1,3,'2012-02-17 00:00:00','0000-00-00 00:00:00'),
 (15,'fleteros',1,1,1,1,3,'2012-02-18 00:00:00','0000-00-00 00:00:00'),
 (16,'marcas',1,1,1,1,3,'2012-02-27 00:00:00','0000-00-00 00:00:00'),
 (17,'clientescategoria',1,1,1,1,3,'2012-03-02 00:00:00','0000-00-00 00:00:00'),
 (18,'compras',1,1,1,1,3,'2012-03-03 00:00:00','0000-00-00 00:00:00'),
 (19,'comprasdetalle',1,1,1,1,3,'2012-03-03 00:00:00','0000-00-00 00:00:00'),
 (20,'cambiodirectostock',1,1,1,1,3,'2012-03-03 00:00:00','0000-00-00 00:00:00'),
 (21,'remitos',1,1,1,1,3,'2012-03-03 00:00:00','0000-00-00 00:00:00'),
 (22,'recibos',1,1,1,1,3,'2012-03-04 00:00:00','0000-00-00 00:00:00'),
 (23,'pedidosrecibos',1,1,1,1,3,'2012-03-04 00:00:00','0000-00-00 00:00:00');
UNLOCK TABLES;
/*!40000 ALTER TABLE `sispermisos` ENABLE KEYS */;


--
-- Definition of table `preventista`.`sisvinculos`
--

DROP TABLE IF EXISTS `preventista`.`sisvinculos`;
CREATE TABLE  `preventista`.`sisvinculos` (
  `sisvinculos_id` int(11) NOT NULL AUTO_INCREMENT,
  `sismenu_id` int(11) DEFAULT NULL,
  `sisvinculos_link` varchar(250) DEFAULT NULL,
  `sisvinculos_created_at` timestamp NULL DEFAULT CURRENT_TIMESTAMP,
  `sisvinculos_updated_at` datetime NOT NULL,
  PRIMARY KEY (`sisvinculos_id`),
  KEY `sismenu_id` (`sismenu_id`),
  KEY `sisvinculos_sismenu_id` (`sismenu_id`),
  CONSTRAINT `sisvinculos_sismenu_id` FOREIGN KEY (`sismenu_id`) REFERENCES `sismenu` (`sismenu_id`) ON DELETE CASCADE ON UPDATE CASCADE
) ENGINE=InnoDB AUTO_INCREMENT=21 DEFAULT CHARSET=latin1;

--
-- Dumping data for table `preventista`.`sisvinculos`
--

/*!40000 ALTER TABLE `sisvinculos` DISABLE KEYS */;
LOCK TABLES `sisvinculos` WRITE;
INSERT INTO `preventista`.`sisvinculos` VALUES  (1,1,'#','2012-02-07 11:21:39','0000-00-00 00:00:00'),
 (2,2,'usuarios_controller/index','2012-02-07 11:21:55','0000-00-00 00:00:00'),
 (3,3,'perfiles_controller/index','2012-02-07 11:22:11','0000-00-00 00:00:00'),
 (4,4,'sispermisos_controller/index','2012-02-07 11:22:22','0000-00-00 00:00:00'),
 (5,5,'sismenu_controller/index','2012-02-07 11:22:32','0000-00-00 00:00:00'),
 (6,7,'articulos_controller/index','2012-02-07 15:09:14','0000-00-00 00:00:00'),
 (7,8,'rubros_controller/index','2012-02-07 15:09:47','0000-00-00 00:00:00'),
 (8,6,'#','2012-02-07 16:51:17','0000-00-00 00:00:00'),
 (9,9,'#','0000-00-00 00:00:00','0000-00-00 00:00:00'),
 (10,10,'clientes_controller/index','2012-02-09 17:06:31','0000-00-00 00:00:00'),
 (11,11,'proveedores_controller/index','2012-02-09 17:06:31','0000-00-00 00:00:00'),
 (12,12,'#','2012-02-16 15:38:47','0000-00-00 00:00:00'),
 (13,13,'pedidos_controller/index','2012-02-16 15:39:25','0000-00-00 00:00:00'),
 (14,14,'hojaruta_controller/index','2012-02-17 21:16:57','0000-00-00 00:00:00'),
 (15,15,'fleteros_controller/index','2012-02-18 03:13:32','0000-00-00 00:00:00'),
 (16,16,'marcas_controller/index','2012-02-27 18:17:04','0000-00-00 00:00:00'),
 (17,17,'clientescategoria_controller/index','2012-03-02 20:19:54','0000-00-00 00:00:00'),
 (18,18,'compras_controller/index','2012-03-03 01:55:52','0000-00-00 00:00:00'),
 (19,19,'remitos_controller/index','2012-03-03 16:53:59','0000-00-00 00:00:00'),
 (20,20,'recibos_controller/index','2012-03-04 16:03:03','0000-00-00 00:00:00');
UNLOCK TABLES;
/*!40000 ALTER TABLE `sisvinculos` ENABLE KEYS */;


--
-- Definition of table `preventista`.`tabgral`
--

DROP TABLE IF EXISTS `preventista`.`tabgral`;
CREATE TABLE  `preventista`.`tabgral` (
  `tabgral_id` int(11) NOT NULL AUTO_INCREMENT,
  `tabgral_descripcion` varchar(50) NOT NULL,
  `grupos_tabgral_id` int(11) NOT NULL,
  `tabgral_created_at` timestamp NOT NULL DEFAULT CURRENT_TIMESTAMP,
  `tabgral_updated_at` datetime NOT NULL,
  PRIMARY KEY (`tabgral_id`),
  KEY `grupos_tabgral_id` (`grupos_tabgral_id`),
  CONSTRAINT `grupos_tabgral_id` FOREIGN KEY (`grupos_tabgral_id`) REFERENCES `grupos_tabgral` (`grupos_tabgral_id`)
) ENGINE=InnoDB AUTO_INCREMENT=25 DEFAULT CHARSET=latin1;

--
-- Dumping data for table `preventista`.`tabgral`
--

/*!40000 ALTER TABLE `tabgral` DISABLE KEYS */;
LOCK TABLES `tabgral` WRITE;
INSERT INTO `preventista`.`tabgral` VALUES  (1,'Habilitado',1,'2012-02-06 19:13:23','0000-00-00 00:00:00'),
 (2,'Deshabilitado',1,'2012-02-06 19:13:38','0000-00-00 00:00:00'),
 (3,'Categoria 1',2,'2012-02-16 13:31:13','0000-00-00 00:00:00'),
 (4,'Categoria 2',2,'2012-02-16 13:31:13','0000-00-00 00:00:00'),
 (5,'Categoria 3',2,'2012-02-16 13:31:13','0000-00-00 00:00:00'),
 (6,'Solicitado',3,'2012-03-01 22:04:40','0000-00-00 00:00:00'),
 (7,'Asignado',3,'2012-03-01 22:04:40','0000-00-00 00:00:00'),
 (8,'Entregado',3,'2012-03-01 22:04:39','0000-00-00 00:00:00'),
 (9,'Cancelado',3,'2012-03-01 22:04:39','0000-00-00 00:00:00'),
 (10,'Planteada',4,'2012-03-03 02:46:44','0000-00-00 00:00:00'),
 (11,'Ejecutada',4,'2012-03-03 02:46:44','0000-00-00 00:00:00'),
 (12,'En curso',5,'2012-03-03 13:53:39','0000-00-00 00:00:00'),
 (13,'Entregado',5,'2012-03-03 13:53:39','0000-00-00 00:00:00'),
 (14,'Cancelado',5,'2012-03-03 13:53:39','0000-00-00 00:00:00'),
 (15,'Entregado y parcialmente pagado',3,'2012-03-04 16:05:50','0000-00-00 00:00:00'),
 (16,'Entregado y pagado',3,'2012-03-04 16:05:50','0000-00-00 00:00:00'),
 (17,'Generado',6,'2012-03-04 20:56:33','0000-00-00 00:00:00'),
 (18,'Ingresado',6,'2012-03-04 20:56:33','0000-00-00 00:00:00'),
 (19,'Cancelado',6,'2012-03-04 20:56:33','0000-00-00 00:00:00'),
 (20,'Disponible',7,'2012-03-20 01:55:46','0000-00-00 00:00:00'),
 (21,'No disponible',7,'2012-03-20 01:55:46','0000-00-00 00:00:00'),
 (22,'Efectivo',8,'2012-03-27 15:26:08','0000-00-00 00:00:00'),
 (23,'Cuenta Corriente',8,'2012-03-27 15:26:08','0000-00-00 00:00:00'),
 (24,'BCB',8,'2012-03-27 15:30:28','0000-00-00 00:00:00');
UNLOCK TABLES;
/*!40000 ALTER TABLE `tabgral` ENABLE KEYS */;


--
-- Definition of table `preventista`.`usuarios`
--

DROP TABLE IF EXISTS `preventista`.`usuarios`;
CREATE TABLE  `preventista`.`usuarios` (
  `usuarios_id` int(11) NOT NULL AUTO_INCREMENT,
  `usuarios_username` varchar(150) DEFAULT NULL,
  `usuarios_password` varchar(150) DEFAULT NULL,
  `usuarios_nombre` varchar(150) DEFAULT NULL,
  `usuarios_apellido` varchar(150) DEFAULT NULL,
  `usuarios_email` varchar(150) DEFAULT NULL,
  `usuarios_direccion` varchar(200) DEFAULT NULL,
  `usuarios_telefono` varchar(50) DEFAULT NULL,
  `usuarios_estado` int(11) DEFAULT NULL,
  `usuarios_legajo` int(11) DEFAULT NULL,
  `perfiles_id` int(11) NOT NULL,
  `provincias_id` int(11) DEFAULT NULL,
  `localidades_id` int(11) DEFAULT NULL,
  `usuarios_activationcode` varchar(150) DEFAULT NULL,
  `usuarios_tokenforgotpasswd` text,
  `usuarios_created_at` timestamp NOT NULL DEFAULT CURRENT_TIMESTAMP,
  `usuarios_updated_at` datetime NOT NULL,
  PRIMARY KEY (`usuarios_id`),
  KEY `localidades_id` (`localidades_id`),
  KEY `perfiles_id` (`usuarios_telefono`),
  KEY `perfiles_id_usuarios` (`perfiles_id`),
  KEY `provincias_id` (`provincias_id`),
  KEY `tabgral_id` (`usuarios_direccion`),
  KEY `usuarios_estado` (`usuarios_estado`),
  KEY `usuarios_perfiles_id` (`perfiles_id`),
  KEY `usuarios_provincias_id` (`provincias_id`),
  CONSTRAINT `usuarios_provincias_id` FOREIGN KEY (`provincias_id`) REFERENCES `provincias` (`provincias_id`),
  CONSTRAINT `usuarios_estado` FOREIGN KEY (`usuarios_estado`) REFERENCES `tabgral` (`tabgral_id`),
  CONSTRAINT `usuarios_localidades_id` FOREIGN KEY (`localidades_id`) REFERENCES `localidades` (`localidades_id`),
  CONSTRAINT `usuarios_perfiles_id` FOREIGN KEY (`perfiles_id`) REFERENCES `perfiles` (`perfiles_id`)
) ENGINE=InnoDB AUTO_INCREMENT=4 DEFAULT CHARSET=latin1;

--
-- Dumping data for table `preventista`.`usuarios`
--

/*!40000 ALTER TABLE `usuarios` DISABLE KEYS */;
LOCK TABLES `usuarios` WRITE;
INSERT INTO `preventista`.`usuarios` VALUES  (1,'admin','21232f297a57a5a743894a0e4a801fc3','Admin','admin','admin@gmail.com',NULL,NULL,1,NULL,3,1,NULL,NULL,NULL,'2012-02-07 00:00:00','2012-02-09 00:00:00'),
 (2,'gaston','6fda27264f8154abdb6ed31bd701a8e5','Gaston','Gonzalez',NULL,NULL,NULL,1,NULL,3,NULL,NULL,NULL,NULL,'2012-03-08 00:00:00','0000-00-00 00:00:00'),
 (3,'marcos','caf1a3dfb505ffed0d024130f58c5cfa','marcos laquaire',NULL,NULL,NULL,NULL,1,NULL,3,NULL,NULL,NULL,NULL,'2012-03-22 00:00:00','2012-03-22 00:00:00');
UNLOCK TABLES;
/*!40000 ALTER TABLE `usuarios` ENABLE KEYS */;




/*!40101 SET SQL_MODE=@OLD_SQL_MODE */;
/*!40014 SET FOREIGN_KEY_CHECKS=@OLD_FOREIGN_KEY_CHECKS */;
/*!40014 SET UNIQUE_CHECKS=@OLD_UNIQUE_CHECKS */;
/*!40101 SET CHARACTER_SET_CLIENT=@OLD_CHARACTER_SET_CLIENT */;
/*!40101 SET CHARACTER_SET_RESULTS=@OLD_CHARACTER_SET_RESULTS */;
/*!40101 SET COLLATION_CONNECTION=@OLD_COLLATION_CONNECTION */;
/*!40101 SET CHARACTER_SET_CLIENT=@OLD_CHARACTER_SET_CLIENT */;
